OBJECTID,county,lease_status,lessee,township,range,section,trs-copy,aliquot,acres,trust_name
141873,Yuma,N,,9S,24W,36,9S - 24W - 36,W 33FT EX N 72FT OF W 33FT,3.95,PERM COMMON SCHOOLS
141876,Yuma,N,,9S,23W,32,9S - 23W - 32,E2NW N2N2SW N2S2NWSW SENESW SWNWSE,150,PERM COMMON SCHOOLS
141887,Yuma,N,,9S,25W,36,9S - 25W - 36,LOT 1 5 THRU 10 S2N2 S2,639.78,PERM COMMON SCHOOLS
141993,Yuma,N,,9S,24W,36,9S - 24W - 36,M&B IN E2 LY E OF CANAL,189.55,PERM COMMON SCHOOLS
142467,Lapaz,N,,8N,19W,16,8N - 19W - 16,LOTS 1 THRU 4 E2SW E2,504.72,PERM COMMON SCHOOLS
142549,Lapaz,N,,4N,21W,36,4N - 21W - 36,E2,320,PERM COMMON SCHOOLS
142618,Lapaz,N,,3N,21W,2,3N - 21W - 2,NE S2NW N2SW SESW SE,520,PERM COMMON SCHOOLS
142660,Lapaz,N,,8N,19W,3,8N - 19W - 3,LOTS 1 THRU 4 S2N2 S2,556,PERM COMMON SCHOOLS (INDMTY SELEC)
142666,Lapaz,N,,9N,19W,11,9N - 19W - 11,LOTS 3 THRU 6 NENW E2,476.16,PERM COMMON SCHOOLS (INDMTY SELEC)
142670,Lapaz,N,,9N,19W,2,9N - 19W - 2,LOTS 1 THRU 7 S2NE SENW E2SW SE,625.9,PERM COMMON SCHOOLS (INDMTY SELEC)
142672,Lapaz,N,,8N,19W,9,8N - 19W - 9,LOTS 4 THRU 7 SWSE E2E2,291.76,PERM COMMON SCHOOLS (INDMTY SELEC)
142703,Lapaz,N,,9N,19W,3,9N - 19W - 3,LOT 7,13.02,PERM COMMON SCHOOLS (INDMTY SELEC)
142806,Lapaz,N,,7N,19W,19,7N - 19W - 19,LOTS 1 THRU 4 E2W2 E2,632.87,PERM COMMON SCHOOLS (INDMTY SELEC)
142901,Lapaz,N,,7N,19W,18,7N - 19W - 18,LOTS 1 THRU 4 E2SW E2,501.16,PERM COMMON SCHOOLS (INDMTY SELEC)
142963,Lapaz,N,,4N,22W,36,4N - 22W - 36,LOTS 5 6 7,55.43,PERM COMMON SCHOOLS (INDMTY SELEC)
143008,Lapaz,N,,10N,19W,34,10N - 19W - 34,LOTS 5 6 E2NE N2NESE,168.81,PERM COMMON SCHOOLS (INDMTY SELEC)
143010,Lapaz,N,,8N,19W,4,8N - 19W - 4,LOTS 6 THRU 8,80.67,PERM COMMON SCHOOLS (INDMTY SELEC)
143016,Lapaz,N,,8N,19W,20,8N - 19W - 20,LOTS 5 THRU 7,79.82,PERM COMMON SCHOOLS (INDMTY SELEC)
143043,Lapaz,N,,3N,22W,1,3N - 22W - 1,LOTS 1 THRU 4 S2N2 N2N2SW N2SE N2SESE,365.4,PERM COMMON SCHOOLS (INDMTY SELEC)
143052,Lapaz,N,,3N,21W,6,3N - 21W - 6,LOTS 1 THRU 7 S2NE SENW E2SW SE,530.37,PERM COMMON SCHOOLS (INDMTY SELEC)
141829,Yuma,N,,8S,23W,15,8S - 23W - 15,L1 TO 4 S2SE,213.58,PENITENTIARY LAND FUND
141830,Yuma,N,,8S,23W,14,8S - 23W - 14,PT LOT 1,2.21,PENITENTIARY LAND FUND
141834,Yuma,N,,8S,23W,13,8S - 23W - 13,LOTS 1 THRU 4 S2N2 SE PT SW PT 1963 ACCRETION (552.38AC) AND PT 1982 ACCRETION (36.46AC),588.84,PENITENTIARY LAND FUND
141851,Yuma,N,,8S,23W,24,8S - 23W - 24,ALL LY NLY OF LEFT BANK OF PRESENT COLORADO RIVER EX YIR IN N2NWNW AND W2 OF ABANDONED COLORADO RIVER CHANNEL IN W2NENW AND N2NWNW,321.85,PENITENTIARY LAND FUND
141852,Yuma,N,,8S,23W,23,8S - 23W - 23,PRESENT COLORADO RIVER IN N2 AND ABANDONED COLORADO RIVER CHANNEL IN NW,158.16,PENITENTIARY LAND FUND
141853,Yuma,N,,8S,23W,22,8S - 23W - 22,LOTS 1 2 3 7,177.33,PENITENTIARY LAND FUND
142092,Yuma,N,,7S,11W,29,7S - 11W - 29,ALL,640,PERM COMMON SCHOOLS (INDMTY SELEC)
137224,Pinal,N,,4S,8E,10,4S - 8E - 10,SE,160,MINERS HSPTL-DISABLED MINERS
137225,Pinal,N,,5S,6E,15,5S - 6E - 15,N2,320,MINERS HSPTL-DISABLED MINERS
137226,Pinal,N,,5S,6E,14,5S - 6E - 14,ALL,640,MINERS HSPTL-DISABLED MINERS
137228,Pinal,N,,4S,8E,15,4S - 8E - 15,E2,320,MINERS HSPTL-DISABLED MINERS
137262,Pinal,N,,4S,8E,3,4S - 8E - 3,LOTS 1 2 S2NE SE,317.95,NORMAL SCHOOL
137455,Pinal,N,,4S,2E,16,4S - 2E - 16,ALL,640,PERM COMMON SCHOOLS
137589,Pinal,N,,4S,3E,16,4S - 3E - 16,ALL,640,PERM COMMON SCHOOLS
137663,Pinal,N,,5S,6E,16,5S - 6E - 16,ALL,640,PERM COMMON SCHOOLS
138065,Pinal,N,,4S,2E,17,4S - 2E - 17,ALL,640,PERM COMMON SCHOOLS (INDMTY SELEC)
138773,Pinal,Y,Kennecott Exploration Company,5S,4E,12,5S - 4E - 12,ALL,640,SCHOOL OF MINES
127231,Coconino,N,,16N,13E,18,16N - 13E - 18,L1 TO 11 NE N2SE SESE MB L12 SWSE,746.56,AGRICULTURE & MECHANICAL COLLEGE
127232,Coconino,N,,16N,14E,6,16N - 14E - 6,L1 TO 22 E2SW SE,1145.56,AGRICULTURE & MECHANICAL COLLEGE
127234,Coconino,N,,16N,14E,8,16N - 14E - 8,ALL,640,AGRICULTURE & MECHANICAL COLLEGE
127235,Coconino,N,,16N,14E,4,16N - 14E - 4,L1 TO 20 S2,1119.96,AGRICULTURE & MECHANICAL COLLEGE
127236,Coconino,N,,16N,14E,10,16N - 14E - 10,ALL,640,AGRICULTURE & MECHANICAL COLLEGE
127304,Coconino,N,,16N,14E,12,16N - 14E - 12,E2,320,MINERS HSPTL-DISABLED MINERS
127416,Coconino,N,,16N,15E,16,16N - 15E - 16,ALL,640,PERM COMMON SCHOOLS
127485,Coconino,N,,20N,11E,2,20N - 11E - 2,LOTS 1 THRU 12 S2 EX M&B IN SWSWSW,815.23,PERM COMMON SCHOOLS
127486,Coconino,N,,20N,12E,2,20N - 12E - 2,L1 TO 4 S2N2 S2,714.52,PERM COMMON SCHOOLS
127488,Coconino,N,,20N,12E,16,20N - 12E - 16,N2 N2N2S2 LY N OF 95-98643,335.33,PERM COMMON SCHOOLS
127489,Coconino,N,,20N,11E,16,20N - 11E - 16,ALL,640,PERM COMMON SCHOOLS
127490,Coconino,N,,20N,12E,16,20N - 12E - 16,S2 LY S OF 95-98643,297.82,PERM COMMON SCHOOLS
127493,Coconino,N,,20N,12E,36,20N - 12E - 36,ALL,640,PERM COMMON SCHOOLS
127495,Coconino,N,,20N,12E,32,20N - 12E - 32,ALL,640,PERM COMMON SCHOOLS
127496,Coconino,N,,20N,10E,36,20N - 10E - 36,ALL,640,PERM COMMON SCHOOLS
127497,Coconino,N,,20N,11E,32,20N - 11E - 32,ALL,640,PERM COMMON SCHOOLS
127498,Coconino,N,,20N,11E,36,20N - 11E - 36,ALL,640,PERM COMMON SCHOOLS
127499,Coconino,N,,19N,12E,2,19N - 12E - 2,L1 TO 4 S2N2 S2,639.04,PERM COMMON SCHOOLS
127501,Coconino,N,,19N,11E,2,19N - 11E - 2,ALL,640,PERM COMMON SCHOOLS
127502,Coconino,N,,19N,13E,36,19N - 13E - 36,ALL,640,PERM COMMON SCHOOLS
127509,Coconino,N,,19N,11E,32,19N - 11E - 32,L1 TO 4 N2 N2S2,637.24,PERM COMMON SCHOOLS
127518,Coconino,N,,19N,11E,16,19N - 11E - 16,ALL,640,PERM COMMON SCHOOLS
127519,Coconino,N,,18N,15E,32,18N - 15E - 32,ALL,640,PERM COMMON SCHOOLS
127528,Coconino,N,,17N,15E,16,17N - 15E - 16,ALL EX PT OF E2E2E2,596.36,PERM COMMON SCHOOLS
127532,Coconino,N,,16N,15E,32,16N - 15E - 32,ALL,640,PERM COMMON SCHOOLS
127536,Coconino,N,,17N,12.5E,36,17N - 12.5E - 36,L1 TO 4 N2N2,331.21,PERM COMMON SCHOOLS
127541,Coconino,N,,15N,15E,16,15N - 15E - 16,ALL,640,PERM COMMON SCHOOLS
127755,Coconino,N,,17N,13E,32,17N - 13E - 32,LOTS 1 THRU 8 N2 N2S2,797.92,PERM COMMON SCHOOLS
127756,Coconino,N,,17N,14E,32,17N - 14E - 32,LOTS 1 THRU 4 N2S2 N2,586.35,PERM COMMON SCHOOLS
127757,Coconino,N,,17N,13E,2,17N - 13E - 2,ALL,640,PERM COMMON SCHOOLS
127758,Coconino,N,,17N,14E,2,17N - 14E - 2,ALL,640,PERM COMMON SCHOOLS
127759,Coconino,N,,17N,13E,36,17N - 13E - 36,L1 TO 4 N2S2 N2,612.96,PERM COMMON SCHOOLS
127760,Coconino,N,,17N,14E,16,17N - 14E - 16,ALL,640,PERM COMMON SCHOOLS
127761,Coconino,N,,17N,13E,16,17N - 13E - 16,ALL,640,PERM COMMON SCHOOLS
127762,Coconino,N,,17N,14E,36,17N - 14E - 36,L1 TO 4 N2S2 N2,595.16,PERM COMMON SCHOOLS
127766,Coconino,N,,19N,14E,32,19N - 14E - 32,ALL,640,PERM COMMON SCHOOLS
127768,Coconino,N,,19N,14E,16,19N - 14E - 16,ALL,640,PERM COMMON SCHOOLS
127770,Coconino,N,,16N,14E,2,16N - 14E - 2,L1 TO 20 S2,1109.92,PERM COMMON SCHOOLS
127772,Coconino,N,,16N,14E,16,16N - 14E - 16,ALL,640,PERM COMMON SCHOOLS
127773,Coconino,N,,16N,13E,16,16N - 13E - 16,ALL,640,PERM COMMON SCHOOLS
127774,Coconino,N,,16N,13E,2,16N - 13E - 2,L1 TO 16 S2,1003.16,PERM COMMON SCHOOLS
127832,Coconino,N,,18N,14E,32,18N - 14E - 32,ALL,640,PERM COMMON SCHOOLS
127833,Coconino,N,,18N,14E,2,18N - 14E - 2,L1 TO 4 S2N2 S2,675.2,PERM COMMON SCHOOLS
127834,Coconino,N,,18N,13E,36,18N - 13E - 36,ALL,640,PERM COMMON SCHOOLS
127835,Coconino,N,,18N,13E,16,18N - 13E - 16,ALL,640,PERM COMMON SCHOOLS
127836,Coconino,N,,18N,13E,32,18N - 13E - 32,ALL,640,PERM COMMON SCHOOLS
127837,Coconino,N,,18N,14E,36,18N - 14E - 36,L1 TO 4 W2E2 W2,639.72,PERM COMMON SCHOOLS
127838,Coconino,N,,18N,14E,16,18N - 14E - 16,ALL,640,PERM COMMON SCHOOLS
127839,Coconino,N,,18N,13E,2,18N - 13E - 2,L1 TO 4 S2N2 S2,673.4,PERM COMMON SCHOOLS
127848,Coconino,N,,21N,10E,36,21N - 10E - 36,LOTS 1 THRU 4 N2 N2S2,627.8,PERM COMMON SCHOOLS
127950,Coconino,N,,16N,15E,34,16N - 15E - 34,W2W2W2W2 LY W OF COUNTY LINE,28.27,PERM COMMON SCHOOLS (INDMTY SELEC)
127951,Coconino,N,,16N,15E,22,16N - 15E - 22,W2W2W2W2 LY W OF COUNTY LINE,25.41,PERM COMMON SCHOOLS (INDMTY SELEC)
127962,Coconino,N,,17N,15E,4,17N - 15E - 4,ALL EX PT OF E2E2E2,594.46,PERM COMMON SCHOOLS (INDMTY SELEC)
127963,Coconino,N,,16N,15E,6,16N - 15E - 6,L1 TO 15 18 TO 22 E2SW W2SE,1017.1,PERM COMMON SCHOOLS (INDMTY SELEC)
127997,Coconino,N,,20N,11E,4,20N - 11E - 4,LOTS 1 THRU 4 7 8 AND LOTS 5 6 9 10 11 N2NE NESE LY N OF 95-98643,373.23,PERM COMMON SCHOOLS (INDMTY SELEC)
127998,Coconino,N,,20N,12E,6,20N - 12E - 6,L1 TO 7 SESW SE,544.9,PERM COMMON SCHOOLS (INDMTY SELEC)
127999,Coconino,N,,20N,12E,4,20N - 12E - 4,L1 TO 4 S2 S2N2,715.56,PERM COMMON SCHOOLS (INDMTY SELEC)
128001,Coconino,N,,20N,11E,4,20N - 11E - 4,LOT 12 N2SW NWSE S2S2 AND LOTS 5 6 9 10 11 NESE LY S OF 95-98643,428.23,PERM COMMON SCHOOLS (INDMTY SELEC)
128002,Coconino,N,,20N,11E,6,20N - 11E - 6,L1 TO 15 E2SW SE,916.42,PERM COMMON SCHOOLS (INDMTY SELEC)
128003,Coconino,N,,20N,12E,18,20N - 12E - 18,LOT 1 NE NENW LY N OF 95-98643,136.2,PERM COMMON SCHOOLS (INDMTY SELEC)
128005,Coconino,N,,20N,12E,18,20N - 12E - 18,LOTS 2 3 4 E2SW SE AND LOT 1 E2NW S2NE LY S OF 95-98643,485.06,PERM COMMON SCHOOLS (INDMTY SELEC)
128006,Coconino,N,,20N,11E,18,20N - 11E - 18,L1 TO 4 E2W2 E2,715.55,PERM COMMON SCHOOLS (INDMTY SELEC)
128007,Coconino,N,,20N,11E,14,20N - 11E - 14,ALL,640,PERM COMMON SCHOOLS (INDMTY SELEC)
128009,Coconino,N,,20N,10E,14,20N - 10E - 14,ALL,640,PERM COMMON SCHOOLS (INDMTY SELEC)
128011,Coconino,N,,20N,12E,22,20N - 12E - 22,ALL,640,PERM COMMON SCHOOLS (INDMTY SELEC)
128012,Coconino,N,,20N,12E,24,20N - 12E - 24,ALL,640,PERM COMMON SCHOOLS (INDMTY SELEC)
128013,Coconino,N,,20N,12E,20,20N - 12E - 20,ALL,640,PERM COMMON SCHOOLS (INDMTY SELEC)
128015,Coconino,N,,20N,10E,24,20N - 10E - 24,ALL,640,PERM COMMON SCHOOLS (INDMTY SELEC)
128016,Coconino,N,,20N,11E,22,20N - 11E - 22,E2 N2NW SWNW SW,600,PERM COMMON SCHOOLS (INDMTY SELEC)
128017,Coconino,N,,20N,11E,24,20N - 11E - 24,ALL,640,PERM COMMON SCHOOLS (INDMTY SELEC)
128020,Coconino,N,,19N,12E,8,19N - 12E - 8,ALL,640,PERM COMMON SCHOOLS (INDMTY SELEC)
128021,Coconino,N,,19N,12E,10,19N - 12E - 10,ALL,640,PERM COMMON SCHOOLS (INDMTY SELEC)
128023,Coconino,N,,19N,11E,8,19N - 11E - 8,ALL,640,PERM COMMON SCHOOLS (INDMTY SELEC)
128024,Coconino,N,,19N,11E,12,19N - 11E - 12,W2W2,160,PERM COMMON SCHOOLS (INDMTY SELEC)
128025,Coconino,N,,20N,12E,30,20N - 12E - 30,L1 TO 4 E2W2 E2,632.16,PERM COMMON SCHOOLS (INDMTY SELEC)
128026,Coconino,N,,20N,12E,26,20N - 12E - 26,ALL,640,PERM COMMON SCHOOLS (INDMTY SELEC)
128028,Coconino,N,,20N,11E,30,20N - 11E - 30,L1 TO 4 E2W2 E2,710.45,PERM COMMON SCHOOLS (INDMTY SELEC)
128029,Coconino,N,,20N,11E,28,20N - 11E - 28,ALL,640,PERM COMMON SCHOOLS (INDMTY SELEC)
128030,Coconino,N,,20N,11E,26,20N - 11E - 26,ALL,640,PERM COMMON SCHOOLS (INDMTY SELEC)
128031,Coconino,N,,20N,10E,26,20N - 10E - 26,ALL,640,PERM COMMON SCHOOLS (INDMTY SELEC)
128034,Coconino,N,,20N,12E,34,20N - 12E - 34,ALL,640,PERM COMMON SCHOOLS (INDMTY SELEC)
128036,Coconino,N,,20N,11E,34,20N - 11E - 34,ALL,640,PERM COMMON SCHOOLS (INDMTY SELEC)
128040,Coconino,N,,19N,12E,4,19N - 12E - 4,L1 TO 4 S2N2 S2,637.92,PERM COMMON SCHOOLS (INDMTY SELEC)
128041,Coconino,N,,19N,12E,6,19N - 12E - 6,LOTS 1 THRU 7 S2NE SENW E2SW SE,630.04,PERM COMMON SCHOOLS (INDMTY SELEC)
128042,Coconino,N,,19N,11E,6,19N - 11E - 6,L1 TO 4 E2W2 E2,703.43,PERM COMMON SCHOOLS (INDMTY SELEC)
128043,Coconino,N,,19N,11E,4,19N - 11E - 4,ALL,640,PERM COMMON SCHOOLS (INDMTY SELEC)
128044,Coconino,N,,20N,12E,8,20N - 12E - 8,ALL,640,PERM COMMON SCHOOLS (INDMTY SELEC)
128045,Coconino,N,,20N,12E,10,20N - 12E - 10,ALL,640,PERM COMMON SCHOOLS (INDMTY SELEC)
128048,Coconino,N,,20N,12E,12,20N - 12E - 12,ALL,640,PERM COMMON SCHOOLS (INDMTY SELEC)
128049,Coconino,N,,20N,10E,12,20N - 10E - 12,ALL,640,PERM COMMON SCHOOLS (INDMTY SELEC)
128050,Coconino,N,,20N,11E,8,20N - 11E - 8,ALL,640,PERM COMMON SCHOOLS (INDMTY SELEC)
128051,Coconino,N,,20N,11E,10,20N - 11E - 10,ALL EX M&B IN NENENE,639.92,PERM COMMON SCHOOLS (INDMTY SELEC)
128052,Coconino,N,,20N,11E,12,20N - 11E - 12,NE N2NW AND S2NW NESW SE LY N OF 95-98643,414.66,PERM COMMON SCHOOLS (INDMTY SELEC)
128053,Coconino,N,,20N,11E,12,20N - 11E - 12,SWSW AND SWSWNW N2SW SE LY S OF 95-98643,149.33,PERM COMMON SCHOOLS (INDMTY SELEC)
128060,Coconino,N,,19N,11E,20,19N - 11E - 20,SESW S2SE,120,PERM COMMON SCHOOLS (INDMTY SELEC)
128072,Coconino,N,,19N,11E,26,19N - 11E - 26,ALL,640,PERM COMMON SCHOOLS (INDMTY SELEC)
128073,Coconino,N,,19N,11E,28,19N - 11E - 28,ALL,640,PERM COMMON SCHOOLS (INDMTY SELEC)
128087,Coconino,N,,19N,14E,20,19N - 14E - 20,ALL,640,PERM COMMON SCHOOLS (INDMTY SELEC)
128093,Coconino,N,,19N,11E,18,19N - 11E - 18,LOT 1,52.17,PERM COMMON SCHOOLS (INDMTY SELEC)
128094,Coconino,N,,19N,11E,18,19N - 11E - 18,E2E2,160,PERM COMMON SCHOOLS (INDMTY SELEC)
128095,Coconino,N,,19N,11E,14,19N - 11E - 14,ALL,640,PERM COMMON SCHOOLS (INDMTY SELEC)
128100,Coconino,N,,17N,15E,6,17N - 15E - 6,L1 TO 4 E2W2 E2,640.4,PERM COMMON SCHOOLS (INDMTY SELEC)
128105,Coconino,N,,17N,15E,8,17N - 15E - 8,ALL,640,PERM COMMON SCHOOLS (INDMTY SELEC)
128108,Coconino,N,,17N,15E,18,17N - 15E - 18,L1 TO 4 E2W2 E2,641.8,PERM COMMON SCHOOLS (INDMTY SELEC)
128113,Coconino,N,,17N,15E,20,17N - 15E - 20,ALL,640,PERM COMMON SCHOOLS (INDMTY SELEC)
128118,Coconino,N,,17N,15E,30,17N - 15E - 30,L1 TO 4 E2W2 E2,642.56,PERM COMMON SCHOOLS (INDMTY SELEC)
128123,Coconino,N,,18N,15E,30,18N - 15E - 30,ALL,640,PERM COMMON SCHOOLS (INDMTY SELEC)
128129,Coconino,N,,16N,15E,8,16N - 15E - 8,ALL,640,PERM COMMON SCHOOLS (INDMTY SELEC)
128130,Coconino,N,,16N,15E,18,16N - 15E - 18,LOT 1,49.5,PERM COMMON SCHOOLS (INDMTY SELEC)
128133,Coconino,N,,15N,15E,8,15N - 15E - 8,ALL,640,PERM COMMON SCHOOLS (INDMTY SELEC)
128134,Coconino,N,,16N,15E,20,16N - 15E - 20,ALL,640,PERM COMMON SCHOOLS (INDMTY SELEC)
128135,Coconino,N,,16N,15E,28,16N - 15E - 28,ALL,640,PERM COMMON SCHOOLS (INDMTY SELEC)
128136,Coconino,N,,16N,15E,30,16N - 15E - 30,L1 TO 4 E2W2 E2,679.64,PERM COMMON SCHOOLS (INDMTY SELEC)
128139,Coconino,N,,16N,15E,4,16N - 15E - 4,LOTS 1 THRU 20 S2,1112.08,PERM COMMON SCHOOLS (INDMTY SELEC)
128218,Coconino,N,,15N,15E,10,15N - 15E - 10,W2W2W2W2 LY W OF COUNTY LINE,31.65,PERM COMMON SCHOOLS (INDMTY SELEC)
128423,Coconino,N,,17N,14E,28,17N - 14E - 28,ALL,640,PERM COMMON SCHOOLS (INDMTY SELEC)
128424,Coconino,N,,17N,14E,14,17N - 14E - 14,ALL,640,PERM COMMON SCHOOLS (INDMTY SELEC)
128425,Coconino,N,,17N,13E,8,17N - 13E - 8,ALL,640,PERM COMMON SCHOOLS (INDMTY SELEC)
128426,Coconino,N,,17N,14E,12,17N - 14E - 12,ALL,640,PERM COMMON SCHOOLS (INDMTY SELEC)
128427,Coconino,N,,17N,13E,24,17N - 13E - 24,ALL,640,PERM COMMON SCHOOLS (INDMTY SELEC)
128428,Coconino,N,,17N,13E,6,17N - 13E - 6,L1 TO 4 E2W2 E2,663.12,PERM COMMON SCHOOLS (INDMTY SELEC)
128429,Coconino,N,,17N,14E,18,17N - 14E - 18,LOT 1 THRU 4 E2W2 E2,641.52,PERM COMMON SCHOOLS (INDMTY SELEC)
128430,Coconino,N,,17N,13E,20,17N - 13E - 20,ALL,640,PERM COMMON SCHOOLS (INDMTY SELEC)
128431,Coconino,N,,17N,13E,28,17N - 13E - 28,ALL,640,PERM COMMON SCHOOLS (INDMTY SELEC)
128432,Coconino,N,,17N,13E,30,17N - 13E - 30,L1 TO 4 E2W2 E2,664.52,PERM COMMON SCHOOLS (INDMTY SELEC)
128433,Coconino,N,,17N,13E,22,17N - 13E - 22,ALL,640,PERM COMMON SCHOOLS (INDMTY SELEC)
128434,Coconino,N,,17N,13E,18,17N - 13E - 18,L1 TO 4 E2W2 E2,664.76,PERM COMMON SCHOOLS (INDMTY SELEC)
128436,Coconino,N,,17N,13E,12,17N - 13E - 12,ALL,640,PERM COMMON SCHOOLS (INDMTY SELEC)
128437,Coconino,N,,17N,14E,30,17N - 14E - 30,LOTS 1 THRU 4 E2W2 E2,642.92,PERM COMMON SCHOOLS (INDMTY SELEC)
128438,Coconino,N,,17N,14E,10,17N - 14E - 10,ALL,640,PERM COMMON SCHOOLS (INDMTY SELEC)
128439,Coconino,N,,17N,14E,24,17N - 14E - 24,ALL,640,PERM COMMON SCHOOLS (INDMTY SELEC)
128440,Coconino,N,,17N,13E,10,17N - 13E - 10,ALL,640,PERM COMMON SCHOOLS (INDMTY SELEC)
128441,Coconino,N,,17N,14E,20,17N - 14E - 20,ALL,640,PERM COMMON SCHOOLS (INDMTY SELEC)
128442,Coconino,N,,17N,13E,26,17N - 13E - 26,ALL,640,PERM COMMON SCHOOLS (INDMTY SELEC)
128443,Coconino,N,,17N,14E,34,17N - 14E - 34,L1 TO 4 N2S2 N2,586.59,PERM COMMON SCHOOLS (INDMTY SELEC)
128444,Coconino,N,,17N,14E,8,17N - 14E - 8,ALL,640,PERM COMMON SCHOOLS (INDMTY SELEC)
128445,Coconino,N,,17N,13E,4,17N - 13E - 4,ALL,640,PERM COMMON SCHOOLS (INDMTY SELEC)
128446,Coconino,N,,17N,13E,14,17N - 13E - 14,ALL,640,PERM COMMON SCHOOLS (INDMTY SELEC)
128447,Coconino,N,,17N,14E,4,17N - 14E - 4,ALL,640,PERM COMMON SCHOOLS (INDMTY SELEC)
128448,Coconino,N,,17N,14E,22,17N - 14E - 22,ALL,640,PERM COMMON SCHOOLS (INDMTY SELEC)
128449,Coconino,N,,17N,14E,6,17N - 14E - 6,L1 TO 4 E2W2 E2,640.36,PERM COMMON SCHOOLS (INDMTY SELEC)
128450,Coconino,N,,17N,14E,26,17N - 14E - 26,ALL,640,PERM COMMON SCHOOLS (INDMTY SELEC)
128451,Coconino,N,,19N,14E,10,19N - 14E - 10,ALL,640,PERM COMMON SCHOOLS (INDMTY SELEC)
128457,Coconino,N,,19N,14E,22,19N - 14E - 22,ALL,640,PERM COMMON SCHOOLS (INDMTY SELEC)
128458,Coconino,N,,19N,14E,34,19N - 14E - 34,ALL,640,PERM COMMON SCHOOLS (INDMTY SELEC)
128459,Coconino,N,,19N,14E,26,19N - 14E - 26,ALL,640,PERM COMMON SCHOOLS (INDMTY SELEC)
128460,Coconino,N,,19N,14E,28,19N - 14E - 28,ALL,640,PERM COMMON SCHOOLS (INDMTY SELEC)
128466,Coconino,N,,16N,14E,12,16N - 14E - 12,N2NW,80,PERM COMMON SCHOOLS (INDMTY SELEC)
128653,Coconino,N,,18N,13E,12,18N - 13E - 12,ALL,640,PERM COMMON SCHOOLS (INDMTY SELEC)
128654,Coconino,N,,18N,14E,4,18N - 14E - 4,L1 TO 4 S2N2 S2,675.16,PERM COMMON SCHOOLS (INDMTY SELEC)
128655,Coconino,N,,18N,13E,14,18N - 13E - 14,ALL,640,PERM COMMON SCHOOLS (INDMTY SELEC)
128656,Coconino,N,,18N,14E,34,18N - 14E - 34,ALL,640,PERM COMMON SCHOOLS (INDMTY SELEC)
128657,Coconino,N,,18N,14E,8,18N - 14E - 8,ALL,640,PERM COMMON SCHOOLS (INDMTY SELEC)
128658,Coconino,N,,18N,13E,22,18N - 13E - 22,ALL,640,PERM COMMON SCHOOLS (INDMTY SELEC)
128659,Coconino,N,,18N,14E,30,18N - 14E - 30,ALL,640,PERM COMMON SCHOOLS (INDMTY SELEC)
128660,Coconino,N,,18N,13E,24,18N - 13E - 24,ALL,640,PERM COMMON SCHOOLS (INDMTY SELEC)
128661,Coconino,N,,18N,13E,34,18N - 13E - 34,ALL,640,PERM COMMON SCHOOLS (INDMTY SELEC)
128662,Coconino,N,,18N,13E,28,18N - 13E - 28,ALL,640,PERM COMMON SCHOOLS (INDMTY SELEC)
128663,Coconino,N,,18N,14E,28,18N - 14E - 28,ALL,640,PERM COMMON SCHOOLS (INDMTY SELEC)
128667,Coconino,N,,18N,13E,26,18N - 13E - 26,ALL,640,PERM COMMON SCHOOLS (INDMTY SELEC)
128668,Coconino,N,,18N,14E,26,18N - 14E - 26,ALL,640,PERM COMMON SCHOOLS (INDMTY SELEC)
128669,Coconino,N,,18N,14E,14,18N - 14E - 14,ALL,640,PERM COMMON SCHOOLS (INDMTY SELEC)
128670,Coconino,N,,18N,14E,6,18N - 14E - 6,L1 TO 4 S2N2 S2,674.56,PERM COMMON SCHOOLS (INDMTY SELEC)
128671,Coconino,N,,18N,14E,22,18N - 14E - 22,ALL,640,PERM COMMON SCHOOLS (INDMTY SELEC)
128672,Coconino,N,,18N,14E,24,18N - 14E - 24,L1 TO 4 W2E2 W2,637.48,PERM COMMON SCHOOLS (INDMTY SELEC)
128673,Coconino,N,,18N,14E,12,18N - 14E - 12,L1 TO 4 W2E2 W2,635.52,PERM COMMON SCHOOLS (INDMTY SELEC)
128674,Coconino,N,,18N,14E,20,18N - 14E - 20,ALL,640,PERM COMMON SCHOOLS (INDMTY SELEC)
128675,Coconino,N,,18N,14E,10,18N - 14E - 10,ALL,640,PERM COMMON SCHOOLS (INDMTY SELEC)
128676,Coconino,N,,18N,14E,18,18N - 14E - 18,ALL,640,PERM COMMON SCHOOLS (INDMTY SELEC)
128702,Coconino,N,,19N,14E,18,19N - 14E - 18,ALL,640,PERM COMMON SCHOOLS (INDMTY SELEC)
128703,Coconino,N,,19N,14E,30,19N - 14E - 30,ALL,640,PERM COMMON SCHOOLS (INDMTY SELEC)
128974,Coconino,N,,16N,15E,10,16N - 15E - 10,W2W2W2W2 LY W OF COUNTY LINE,26.4,PERM COMMON SCHOOLS (INDMTY SELEC)
129011,Coconino,N,,16N,12E,12,16N - 12E - 12,ALL,640,SCHOOL OF MINES
129013,Coconino,N,,16N,12E,14,16N - 12E - 14,ALL,640,SCHOOL OF MINES
129022,Coconino,N,,15N,15E,22,15N - 15E - 22,W2W2W2W2 LY W OF COUNTY LINE,27.79,SCHOOL OF MINES
129054,Coconino,N,,20N,12E,28,20N - 12E - 28,ALL,640,UNIVERSITY
129153,Coconino,N,,15N,15E,4,15N - 15E - 4,S2,320,COUNTY BOND
129187,Coconino,N,,16N,13E,4,16N - 13E - 4,L1 TO 16 S2,914.4,COUNTY BOND
129188,Coconino,N,,16N,13E,10,16N - 13E - 10,ALL,640,COUNTY BOND
129189,Coconino,N,,16N,13E,12,16N - 13E - 12,ALL,640,COUNTY BOND
129190,Coconino,N,,16N,13E,22,16N - 13E - 22,ALL,640,COUNTY BOND
129191,Coconino,N,,16N,13E,8,16N - 13E - 8,ALL,640,COUNTY BOND
129193,Coconino,N,,16N,13E,14,16N - 13E - 14,ALL,640,COUNTY BOND
134378,Navajo,N,,18N,16E,32,18N - 16E - 32,ALL,640,PERM COMMON SCHOOLS
134380,Navajo,N,,18N,16E,36,18N - 16E - 36,ALL,640,PERM COMMON SCHOOLS
134383,Navajo,N,,17N,16E,16,17N - 16E - 16,ALL,640,PERM COMMON SCHOOLS
134473,Navajo,N,,18N,17E,16,18N - 17E - 16,ALL,640,PERM COMMON SCHOOLS
134475,Navajo,N,,18N,15E,36,18N - 15E - 36,L1-4 W2E2 W2,639.2,PERM COMMON SCHOOLS
134478,Navajo,N,,18N,17E,32,18N - 17E - 32,ALL,640,PERM COMMON SCHOOLS
134482,Navajo,N,,17N,16E,2,17N - 16E - 2,LOTS 1 THRU 4 S2N2 S2,599.44,PERM COMMON SCHOOLS
134483,Navajo,N,,17N,15E,2,17N - 15E - 2,ALL,640,PERM COMMON SCHOOLS
134491,Navajo,N,,17N,16E,32,17N - 16E - 32,ALL,640,PERM COMMON SCHOOLS
134492,Navajo,N,,17N,15E,36,17N - 15E - 36,L1-4 N2 N2S2,598.24,PERM COMMON SCHOOLS
134501,Navajo,N,,17N,17E,16,17N - 17E - 16,ALL,640,PERM COMMON SCHOOLS
134527,Navajo,N,,16N,16E,32,16N - 16E - 32,ALL,640,PERM COMMON SCHOOLS
134528,Navajo,N,,16N,15E,36,16N - 15E - 36,ALL,640,PERM COMMON SCHOOLS
134534,Navajo,N,,15N,15E,2,15N - 15E - 2,L1 TO 4 S2N2 S2,641.4,PERM COMMON SCHOOLS
134535,Navajo,N,,16N,15E,2,16N - 15E - 2,L1-20 S2,1111.56,PERM COMMON SCHOOLS
134658,Navajo,N,,17N,16E,8,17N - 16E - 8,ALL,640,PERM COMMON SCHOOLS (INDMTY SELEC)
134659,Navajo,N,,17N,15E,14,17N - 15E - 14,ALL,640,PERM COMMON SCHOOLS (INDMTY SELEC)
134660,Navajo,N,,17N,16E,30,17N - 16E - 30,ALL,640,PERM COMMON SCHOOLS (INDMTY SELEC)
134661,Navajo,N,,17N,16E,34,17N - 16E - 34,ALL,640,PERM COMMON SCHOOLS (INDMTY SELEC)
134663,Navajo,N,,17N,15E,10,17N - 15E - 10,ALL,640,PERM COMMON SCHOOLS (INDMTY SELEC)
134664,Navajo,N,,17N,16E,18,17N - 16E - 18,ALL,640,PERM COMMON SCHOOLS (INDMTY SELEC)
134681,Navajo,N,,17N,15E,28,17N - 15E - 28,PT OF E2E2E2,44.86,PERM COMMON SCHOOLS (INDMTY SELEC)
134762,Navajo,N,,18N,17E,22,18N - 17E - 22,ALL,640,PERM COMMON SCHOOLS (INDMTY SELEC)
134763,Navajo,N,,18N,17E,20,18N - 17E - 20,ALL,640,PERM COMMON SCHOOLS (INDMTY SELEC)
134770,Navajo,N,,18N,17E,4,18N - 17E - 4,L1 TO 4 S2N2 S2,638.94,PERM COMMON SCHOOLS (INDMTY SELEC)
134771,Navajo,N,,18N,17E,6,18N - 17E - 6,L1 TO 7 S2NE SENW E2SW SE,632.68,PERM COMMON SCHOOLS (INDMTY SELEC)
134776,Navajo,N,,18N,17E,8,18N - 17E - 8,S2SE SW N2N2 S2NW NWSE,520,PERM COMMON SCHOOLS (INDMTY SELEC)
134792,Navajo,N,,17N,17E,4,17N - 17E - 4,LOTS 1 THRU 4 S2N2 S2,629.05,PERM COMMON SCHOOLS (INDMTY SELEC)
134793,Navajo,N,,17N,16E,6,17N - 16E - 6,LOTS 1 THRU 4 S2N2 S2,622.68,PERM COMMON SCHOOLS (INDMTY SELEC)
134795,Navajo,N,,17N,15E,12,17N - 15E - 12,ALL,640,PERM COMMON SCHOOLS (INDMTY SELEC)
134798,Navajo,N,,17N,15E,34,17N - 15E - 34,L1-4 N2 N2S2,594.2,PERM COMMON SCHOOLS (INDMTY SELEC)
134802,Navajo,N,,17N,16E,20,17N - 16E - 20,ALL,640,PERM COMMON SCHOOLS (INDMTY SELEC)
134805,Navajo,N,,17N,15E,24,17N - 15E - 24,ALL,640,PERM COMMON SCHOOLS (INDMTY SELEC)
134808,Navajo,N,,17N,16E,28,17N - 16E - 28,ALL,640,PERM COMMON SCHOOLS (INDMTY SELEC)
134809,Navajo,N,,17N,15E,26,17N - 15E - 26,ALL,640,PERM COMMON SCHOOLS (INDMTY SELEC)
134812,Navajo,N,,16N,15E,12,16N - 15E - 12,ALL,640,PERM COMMON SCHOOLS (INDMTY SELEC)
134814,Navajo,N,,16N,16E,18,16N - 16E - 18,ALL,640,PERM COMMON SCHOOLS (INDMTY SELEC)
134816,Navajo,N,,16N,15E,14,16N - 15E - 14,ALL,640,PERM COMMON SCHOOLS (INDMTY SELEC)
134821,Navajo,N,,15N,15E,10,15N - 15E - 10,E2 E2W2 E2W2W2 AND E2W2W2W2 LY E OF COUNTY LINE,608.35,PERM COMMON SCHOOLS (INDMTY SELEC)
134823,Navajo,N,,16N,15E,24,16N - 15E - 24,ALL,640,PERM COMMON SCHOOLS (INDMTY SELEC)
134824,Navajo,N,,16N,15E,22,16N - 15E - 22,E2 E2W2 E2W2W2 AND E2W2W2W2 LY E OF COUNTY LINE,614.59,PERM COMMON SCHOOLS (INDMTY SELEC)
134826,Navajo,N,,16N,16E,30,16N - 16E - 30,ALL,640,PERM COMMON SCHOOLS (INDMTY SELEC)
134827,Navajo,N,,16N,15E,26,16N - 15E - 26,ALL,640,PERM COMMON SCHOOLS (INDMTY SELEC)
134829,Navajo,N,,16N,15E,34,16N - 15E - 34,E2 E2W2 E2W2W2 AND E2W2W2W2 LY E OF COUNTY LINE,611.73,PERM COMMON SCHOOLS (INDMTY SELEC)
134832,Navajo,N,,16N,16E,6,16N - 16E - 6,L1-16 S2,877.14,PERM COMMON SCHOOLS (INDMTY SELEC)
134833,Navajo,N,,16N,16E,4,16N - 16E - 4,L1-16 S2,874.92,PERM COMMON SCHOOLS (INDMTY SELEC)
134835,Navajo,N,,16N,16E,8,16N - 16E - 8,ALL,640,PERM COMMON SCHOOLS (INDMTY SELEC)
134910,Navajo,N,,16N,15E,10,16N - 15E - 10,E2 E2W2 E2W2W2 AND E2W2W2W2 LY E OF COUNTY LINE,613.6,PERM COMMON SCHOOLS (INDMTY SELEC)
134923,Navajo,N,,15N,15E,24,15N - 15E - 24,ALL,640,SCHOOL OF MINES
134924,Navajo,N,,15N,15E,22,15N - 15E - 22,E2 E2W2 E2W2W2 AND E2W2W2W2 LY E OF COUNTY LINE,612.21,SCHOOL OF MINES
134925,Navajo,N,,15N,15E,12,15N - 15E - 12,E2,320,SCHOOL OF MINES
127543,Coconino,N,,26N,8W,2,26N - 8W - 2,LOTS 1 THRU 3 E2SE SWSE,235.69,PERM COMMON SCHOOLS
127611,Coconino,N,,27N,7W,16,27N - 7W - 16,L1,6.26,PERM COMMON SCHOOLS
127612,Coconino,N,,26N,8W,16,26N - 8W - 16,LOTS 1 THRU 4 SENE S2SW SE,439.58,PERM COMMON SCHOOLS
127613,Coconino,N,,25N,9W,2,25N - 9W - 2,LOTS 1 THRU 4 S2N2 S2,638.84,PERM COMMON SCHOOLS
127635,Coconino,N,,27N,8W,36,27N - 8W - 36,LOTS 1 THRU 3 SESE,148.96,PERM COMMON SCHOOLS
127646,Coconino,N,,26N,9W,36,26N - 9W - 36,LOTS 1 2 E2 S2NW SW,621.28,PERM COMMON SCHOOLS
127862,Coconino,N,,29N,6W,36,29N - 6W - 36,LOTS 1 THRU 4 E2E2,285.04,PERM COMMON SCHOOLS
127894,Coconino,N,,28N,6W,32,28N - 6W - 32,LOTS 1 THRU 3 NENE S2NE NESW S2SW SE,534.56,PERM COMMON SCHOOLS
127917,Coconino,N,,30N,6W,36,30N - 6W - 36,LOTS 1 THRU 4 E2E2,283.08,PERM COMMON SCHOOLS
127921,Coconino,N,,31N,6W,36,31N - 6W - 36,LOTS 1 THRU 4 E2E2,277.32,PERM COMMON SCHOOLS
127933,Coconino,N,,32N,6W,36,32N - 6W - 36,LOTS 1 THRU 4 E2E2,276.2,PERM COMMON SCHOOLS
128205,Coconino,N,,27N,7W,12,27N - 7W - 12,LOT 1 NE NENW S2NW S2,625.32,PERM COMMON SCHOOLS (INDMTY SELEC)
128206,Coconino,N,,27N,7W,14,27N - 7W - 14,LOT 1 NE NENW S2NW S2,639.57,PERM COMMON SCHOOLS (INDMTY SELEC)
128829,Coconino,N,,28N,6W,28,28N - 6W - 28,LOTS 1 THRU 5 SENE NESW S2SW SE,460.2,PERM COMMON SCHOOLS (INDMTY SELEC)
128830,Coconino,N,,28N,6W,22,28N - 6W - 22,LOTS 1 THRU 4 SENE SE SESW,365.44,PERM COMMON SCHOOLS (INDMTY SELEC)
128832,Coconino,N,,28N,6W,12,28N - 6W - 12,LOTS 1 THRU 4 E2,483.79,PERM COMMON SCHOOLS (INDMTY SELEC)
128834,Coconino,N,,28N,6W,14,28N - 6W - 14,LOTS 1 THRU 4 NESE SWSE SESE,260.9,PERM COMMON SCHOOLS (INDMTY SELEC)
133401,Mohave,N,,23N,13W,2,23N - 13W - 2,LOTS 1 2 3 S2NE SENW NESW S2SW SE AND LOT 4 SWNW NWSW LY E OF PAT 620,617.05,PERM COMMON SCHOOLS
133957,Mohave,N,,18N,13W,26,18N - 13W - 26,LOT 1 S2NE NW E2SE,340,PERM COMMON SCHOOLS (INDMTY SELEC)
127542,Coconino,N,,40N,2W,32,40N - 2W - 32,W2 SE,480,PERM COMMON SCHOOLS
133154,Mohave,N,,40N,5W,36,40N - 5W - 36,ALL,640,PERM COMMON SCHOOLS
133251,Mohave,N,,40N,3W,32,40N - 3W - 32,ALL,640,PERM COMMON SCHOOLS
133252,Mohave,N,,40N,4W,32,40N - 4W - 32,ALL,640,PERM COMMON SCHOOLS
133253,Mohave,N,,40N,4W,36,40N - 4W - 36,ALL,640,PERM COMMON SCHOOLS
133690,Mohave,N,,40N,4W,34,40N - 4W - 34,W2NW,80,PERM COMMON SCHOOLS (INDMTY SELEC)
133701,Mohave,N,,41N,2W,19,41N - 2W - 19,LOT 1 W2NWNENE NENWNE W2NWNE W2SENWNE NENW,119.48,PERM COMMON SCHOOLS (INDMTY SELEC)
133704,Mohave,N,,41N,2W,19,41N - 2W - 19,LOTS 3 4,79.22,PERM COMMON SCHOOLS (INDMTY SELEC)
133824,Mohave,N,,41N,2W,7,41N - 2W - 7,LOTS 3 4 E2SW SE EX PAT 6327,313.42,PERM COMMON SCHOOLS (INDMTY SELEC)
133825,Mohave,N,,41N,2W,7,41N - 2W - 7,LOT 1 N2NE NENW,159.08,PERM COMMON SCHOOLS (INDMTY SELEC)
133861,Mohave,N,,41N,2W,18,41N - 2W - 18,LOTS 2 3 4 SENW E2SW SE,398.16,PERM COMMON SCHOOLS (INDMTY SELEC)
133862,Mohave,N,,41N,2W,6,41N - 2W - 6,LOT 7 E2SW W2SE PT NESE,274.04,PERM COMMON SCHOOLS (INDMTY SELEC)
133902,Mohave,N,,40N,4W,35,40N - 4W - 35,ALL,640,PERM COMMON SCHOOLS (INDMTY SELEC)
133903,Mohave,N,,40N,4W,34,40N - 4W - 34,E2,320,PERM COMMON SCHOOLS (INDMTY SELEC)
137209,Pinal,Y,Kennecott Exploration Company,5S,4E,22,5S - 4E - 22,SE,160,MINERS HSPTL-DISABLED MINERS
137210,Pinal,Y,Kennecott Exploration Company,5S,4E,27,5S - 4E - 27,LOTS 1 2,49.14,MINERS HSPTL-DISABLED MINERS
137590,Pinal,N,,5S,3E,16,5S - 3E - 16,ALL,640,PERM COMMON SCHOOLS
138774,Pinal,Y,Kennecott Exploration Company,5S,4E,28,5S - 4E - 28,LOT 1 SE S2SW NESW,302.1,SCHOOL OF MINES
139055,Pinal,N,,4S,2E,26,4S - 2E - 26,NE,160,COUNTY BOND
136096,Pima,N,,15S,12E,13,15S - 12E - 13,LOT 4 W2SE,121.92,PERM COMMON SCHOOLS (INDMTY SELEC)
136138,Pima,N,,15S,12E,14,15S - 12E - 14,NESE E2NWSE N2SESE SESESE SWNWSE,100,PERM COMMON SCHOOLS (INDMTY SELEC)
136139,Pima,N,,15S,12E,24,15S - 12E - 24,N2NENW SWNENW NWNW,70,PERM COMMON SCHOOLS (INDMTY SELEC)
136356,Pima,N,,15S,13E,19,15S - 13E - 19,LOTS 2 45 THRU 76,201.85,PERM COMMON SCHOOLS (INDMTY SELEC)
132641,Maricopa,N,,2N,6E,23,2N - 6E - 23,LOTS 18 23 24 SENE N2SE M&B IN LOTS 25 26 29 SESW S2SE,251.78,PERM COMMON SCHOOLS (INDMTY SELEC)
132642,Maricopa,N,,2N,6E,23,2N - 6E - 23,M&B IN LOTS 25 26 29 SESW S2SE,121.73,PERM COMMON SCHOOLS (INDMTY SELEC)
133053,Maricopa,N,,2N,6E,24,2N - 6E - 24,LOTS 7 9 11 13 14 15 17 18 20 22 24,342.74,02-90-0021 FED PATENT
129222,Gila,N,,1N,16E,19,1N - 16E - 19,LOTS 2 3 4 LOT 1 EXC W 660FT,118.49,PENITENTIARY LAND FUND
129254,Gila,N,,1N,16E,31,1N - 16E - 31,LOTS 1 THRU 4 W2W2,272.76,PERM COMMON SCHOOLS (INDMTY SELEC)
129255,Gila,N,,1N,16E,7,1N - 16E - 7,LOTS 1 2 NE E2W2,391.79,PERM COMMON SCHOOLS (INDMTY SELEC)
129257,Gila,N,,1N,16E,8,1N - 16E - 8,LOT 1,15.89,PERM COMMON SCHOOLS (INDMTY SELEC)
129273,Gila,Y,"Pioneer Howard Silver Mines, L.L.L.P.",4S,16E,15,4S - 16E - 15,N2 EX SENE SESESENENE LY ELY OF PINAL COUNTY LINE FOR SCIR,294.29,PERM COMMON SCHOOLS (INDMTY SELEC)
129454,Graham,N,,3S,25E,32,3S - 25E - 32,L3,25.98,PERM COMMON SCHOOLS
129524,Graham,N,,6S,22E,36,6S - 22E - 36,ALL EX .02AC IN SCIR,639.98,PERM COMMON SCHOOLS
129539,Graham,N,,4S,26E,32,4S - 26E - 32,LOTS 1 THRU 4 SWSE SW,321.89,PERM COMMON SCHOOLS
130015,Graham,N,,4S,25E,22,4S - 25E - 22,LOTS 1 2 W2NE SE W2,633.9,PERM COMMON SCHOOLS (INDMTY SELEC)
130037,Graham,N,,4S,25E,15,4S - 25E - 15,LOTS 1 THRU 4 SWSE W2,524.74,PERM COMMON SCHOOLS (INDMTY SELEC)
130062,Graham,N,,4S,25E,3,4S - 25E - 3,LOTS 1 THRU 5 SWNW NWSW,243.98,PERM COMMON SCHOOLS (INDMTY SELEC)
130093,Graham,N,,4S,25E,10,4S - 25E - 10,LOTS 1 THRU 4 W2SW SESW,255.8,PERM COMMON SCHOOLS (INDMTY SELEC)
130095,Graham,N,,4S,25E,4,4S - 25E - 4,LOTS 1 THRU 4 S2N2 S2,596.51,PERM COMMON SCHOOLS (INDMTY SELEC)
137679,Pinal,N,,5S,16E,16,5S - 16E - 16,ALL EX E 48.54 ACRES FOR SCIR,591.46,PERM COMMON SCHOOLS
138534,Pinal,N,,6S,16E,20,6S - 16E - 20,W2NW SW,240,PERM COMMON SCHOOLS (INDMTY SELEC)
139296,Pinal,N,,6S,17E,8,6S - 17E - 8,S2SW,80,02-87-0038 FEDERAL PATENT
139299,Pinal,N,,6S,16E,9,6S - 16E - 9,E2 NW E2SW,560,02-87-0038 FEDERAL PATENT
139300,Pinal,N,,6S,17E,7,6S - 17E - 7,SESE,40,02-87-0038 FEDERAL PATENT
135396,Pima,N,,16S,11E,36,16S - 11E - 36,LOTS 1 THRU 4 S2N2 S2,654.13,PERM COMMON SCHOOLS
135403,Pima,Y,Asarco LLC,16S,12E,36,16S - 12E - 36,N2NWNW EISENHOWER,20,PERM COMMON SCHOOLS
135406,Pima,N,,16S,12E,32,16S - 12E - 32,N2 SE,480,PERM COMMON SCHOOLS
135408,Pima,Y,Asarco LLC,16S,12E,36,16S - 12E - 36,N2NWNE RICH BOY,20,PERM COMMON SCHOOLS
135411,Pima,Y,Asarco LLC,16S,12E,36,16S - 12E - 36,N2NENW POOR BOY,20,PERM COMMON SCHOOLS
135611,Pima,N,,16S,13E,34,16S - 13E - 34,W2 W2E2,480,PERM COMMON SCHOOLS (INDMTY SELEC)
131259,Maricopa,N,,9S,1E,16,9S - 1E - 16,ALL,640,PERM COMMON SCHOOLS
135044,Pima,N,,17S,8E,29,17S - 8E - 29,ALL,640,"LEGISLATIVE, EXEC, JUD BLDG"
135045,Pima,N,,17S,8E,28,17S - 8E - 28,ALL,640,"LEGISLATIVE, EXEC, JUD BLDG"
135052,Pima,N,,17S,8E,30,17S - 8E - 30,E2NE SWNE,120,"LEGISLATIVE, EXEC, JUD BLDG"
135053,Pima,N,,17S,8E,31,17S - 8E - 31,LOTS 3 4 E2SW SE,314.72,"LEGISLATIVE, EXEC, JUD BLDG"
135129,Pima,N,,19S,7E,26,19S - 7E - 26,LOTS 1 THRU 4 E2NE SESW N2SE SESE,406.35,MINERS HSPTL-DISABLED MINERS
135144,Pima,N,,14S,10E,34,14S - 10E - 34,LOTS 4 THRU 9 W2NW,355,MINERS HSPTL-DISABLED MINERS
135262,Pima,N,,18S,3W,16,18S - 3W - 16,ALL,640,PERM COMMON SCHOOLS
135267,Pima,N,,18S,2W,32,18S - 2W - 32,ALL,640,PERM COMMON SCHOOLS
135274,Pima,N,,11S,7E,32,11S - 7E - 32,ALL,640,PERM COMMON SCHOOLS
135285,Pima,N,,15S,9E,16,15S - 9E - 16,ALL,640,PERM COMMON SCHOOLS
135295,Pima,N,,20S,7E,32,20S - 7E - 32,LOT 1,36.1,PERM COMMON SCHOOLS
135332,Pima,N,,17S,8E,16,17S - 8E - 16,ALL,640,PERM COMMON SCHOOLS
135466,Pima,N,,14S,11E,16,14S - 11E - 16,ALL,640,PERM COMMON SCHOOLS
135514,Pima,N,,12S,6E,16,12S - 6E - 16,ALL,640,PERM COMMON SCHOOLS
135516,Pima,Y,"Silver Bell Mining, L.L.C.",12S,8E,16,12S - 8E - 16,ALL,640,PERM COMMON SCHOOLS
135529,Pima,N,,14S,10E,32,14S - 10E - 32,LOTS 1 THRU 8 N2S2 N2,723.97,PERM COMMON SCHOOLS
135530,Pima,N,,14S,9E,36,14S - 9E - 36,ALL,640,PERM COMMON SCHOOLS
135564,Pima,N,,14S,5W,2,14S - 5W - 2,LOTS 1 THRU 4 S2N2 S2,640.72,PERM COMMON SCHOOLS
135573,Pima,N,,18S,2W,2,18S - 2W - 2,L1 TO 4 S2N2 S2,641.24,PERM COMMON SCHOOLS
135574,Pima,N,,18S,3W,2,18S - 3W - 2,L2 3 4 S2N2 NWSW,319.73,PERM COMMON SCHOOLS
135576,Pima,N,,13S,5W,36,13S - 5W - 36,ALL,640,PERM COMMON SCHOOLS
135577,Pima,N,,18S,2W,16,18S - 2W - 16,ALL,640,PERM COMMON SCHOOLS
135580,Pima,N,,18S,2W,36,18S - 2W - 36,ALL,640,PERM COMMON SCHOOLS
135581,Pima,N,,19S,2W,2,19S - 2W - 2,ALL,640,PERM COMMON SCHOOLS
135594,Pima,N,,20S,7E,16,20S - 7E - 16,LOTS 1 THRU 5 NE SENW NESW NWSE E2SE,527.41,PERM COMMON SCHOOLS
135600,Pima,N,,22S,7E,2,22S - 7E - 2,ALL,640,PERM COMMON SCHOOLS
135630,Pima,N,,15S,9E,21,15S - 9E - 21,ALL,640,PERM COMMON SCHOOLS (INDMTY SELEC)
136190,Pima,N,,19S,7E,23,19S - 7E - 23,LOTS 1 THRU 3 SENE,144.27,PERM COMMON SCHOOLS (INDMTY SELEC)
136195,Pima,N,,19S,7E,34,19S - 7E - 34,LOTS 1 THRU 4 E2E2,315.67,PERM COMMON SCHOOLS (INDMTY SELEC)
136199,Pima,N,,21S,7E,20,21S - 7E - 20,LOTS 1 5 6 9 SWNE,183.44,PERM COMMON SCHOOLS (INDMTY SELEC)
136200,Pima,N,,21S,7E,29,21S - 7E - 29,LOTS 1 2,71.22,PERM COMMON SCHOOLS (INDMTY SELEC)
136201,Pima,N,,21S,7E,28,21S - 7E - 28,LOTS 1 THRU 3 7 8 N2NW NE SENW NESE,499.44,PERM COMMON SCHOOLS (INDMTY SELEC)
136305,Pima,N,,11S,6E,19,11S - 6E - 19,LOTS 1 THRU 4 E2W2 E2,625.48,PERM COMMON SCHOOLS (INDMTY SELEC)
136314,Pima,N,,11S,6E,30,11S - 6E - 30,LOTS 1 THRU 4 E2W2 E2,625.4,PERM COMMON SCHOOLS (INDMTY SELEC)
136324,Pima,N,,11S,6E,31,11S - 6E - 31,LOTS 1 THRU 4 E2W2 E2,625.2,PERM COMMON SCHOOLS (INDMTY SELEC)
136337,Pima,N,,11S,6E,18,11S - 6E - 18,LOTS 1 THRU 4,145.04,PERM COMMON SCHOOLS (INDMTY SELEC)
136387,Pima,N,,15S,9E,4,15S - 9E - 4,NE E2NW SWNW,280,PERM COMMON SCHOOLS (INDMTY SELEC)
136512,Pima,N,,21S,7E,5,21S - 7E - 5,LOT 7,11.35,PERM COMMON SCHOOLS (INDMTY SELEC)
136513,Pima,N,,21S,7E,8,21S - 7E - 8,LOTS 1 4 5 8,142.53,PERM COMMON SCHOOLS (INDMTY SELEC)
136555,Pima,N,,21S,7E,17,21S - 7E - 17,L1 4 5 8 W2NE,173.61,PERM COMMON SCHOOLS (INDMTY SELEC)
136558,Pima,N,,22S,7E,15,22S - 7E - 15,LOT 1 NWSW E2SW SE N2,632.64,PERM COMMON SCHOOLS (INDMTY SELEC)
136676,Pima,N,,21S,7E,5,21S - 7E - 5,LOT 1 SENE E2SE,155.52,"ST CHRTBL, PENAL & REFORM INST"
136708,Pima,N,,17S,8E,21,17S - 8E - 21,ALL,640,UNIVERSITY
136751,Pima,N,,17S,8E,30,17S - 8E - 30,NWNE,40,UNIVERSITY
136770,Pima,N,,21S,7E,4,21S - 7E - 4,LOTS 1 THRU 4 S2N2 S2,621.88,UNIVERSITY
136861,Pima,N,,21S,7E,27,21S - 7E - 27,W2 SE,480,COUNTY BOND
136949,Pima,N,,21S,7E,34,21S - 7E - 34,ALL,640,COUNTY BOND
136951,Pima,N,,21S,7E,35,21S - 7E - 35,E2 E2NW,400,COUNTY BOND
136952,Pima,N,,21S,7E,35,21S - 7E - 35,W2SW,80,COUNTY BOND
137028,Pima,N,,16S,9E,6,16S - 9E - 6,LOTS 1 THRU 18 S2NE,936.21,02-86-0044 FEDERAL PATENT
137029,Pima,N,,15S,9E,31,15S - 9E - 31,LOTS 1 THRU 12 NE E2NW N2SE,752.12,02-86-0044 FEDERAL PATENT
137035,Pima,N,,16S,9E,12,16S - 9E - 12,SWNW S2,640,02-86-0044 FEDERAL PATENT
137039,Pima,N,,15S,9E,28,15S - 9E - 28,ALL,640,02-86-0044 FEDERAL PATENT
137042,Pima,N,,15S,9E,29,15S - 9E - 29,ALL,640,02-86-0044 FEDERAL PATENT
137348,Pinal,N,,7S,4E,36,7S - 4E - 36,LOTS 12 13 23 24 LY SE OF 93-93998,165.15,PERM COMMON SCHOOLS
137457,Pinal,N,,8S,6E,32,8S - 6E - 32,ALL,640,PERM COMMON SCHOOLS
137526,Pinal,N,,8S,6E,16,8S - 6E - 16,ALL,640,PERM COMMON SCHOOLS
137555,Pinal,N,,8S,3E,16,8S - 3E - 16,ALL,640,PERM COMMON SCHOOLS
137556,Pinal,N,,8S,2E,32,8S - 2E - 32,ALL,640,PERM COMMON SCHOOLS
138224,Pinal,N,,8S,6E,4,8S - 6E - 4,LOTS 1 THRU 4 S2N2 SW,481.36,PERM COMMON SCHOOLS (INDMTY SELEC)
138329,Pinal,N,,10S,6E,18,10S - 6E - 18,LOTS 1 THRU 4 E2W2 E2,636.44,PERM COMMON SCHOOLS (INDMTY SELEC)
138353,Pinal,N,,10S,6E,19,10S - 6E - 19,LOTS 1 THRU 4 E2W2 E2,637.28,PERM COMMON SCHOOLS (INDMTY SELEC)
138761,Pinal,N,,8S,6E,20,8S - 6E - 20,ALL,640,SCHOOL OF MINES
138762,Pinal,N,,8S,6E,33,8S - 6E - 33,ALL,640,SCHOOL OF MINES
138764,Pinal,N,,8S,6E,31,8S - 6E - 31,E2SE,80,SCHOOL OF MINES
138766,Pinal,N,,8S,6E,31,8S - 6E - 31,LOTS 1 THRU 4 E2W2 W2SE NE,552.72,SCHOOL OF MINES
138767,Pinal,N,,8S,6E,21,8S - 6E - 21,W2,320,SCHOOL OF MINES
138768,Pinal,N,,8S,6E,30,8S - 6E - 30,LOTS 1 THRU 4 E2W2 E2,631.62,SCHOOL OF MINES
138769,Pinal,N,,8S,6E,28,8S - 6E - 28,ALL,640,SCHOOL OF MINES
138770,Pinal,N,,8S,6E,19,8S - 6E - 19,LOTS 1 THRU 4 E2W2 E2,630.16,SCHOOL OF MINES
138772,Pinal,N,,8S,6E,29,8S - 6E - 29,ALL,640,SCHOOL OF MINES
139944,Yavapai,N,,14N,2W,36,14N - 2W - 36,LOTS 4 5 E2 S2SW,430.97,PERM COMMON SCHOOLS
133155,Mohave,N,,18N,13W,16,18N - 13W - 16,ALL,640,PERM COMMON SCHOOLS
133712,Mohave,N,,18N,13W,10,18N - 13W - 10,ALL,640,PERM COMMON SCHOOLS (INDMTY SELEC)
140154,Yavapai,N,,14N,4E,2,14N - 4E - 2,LOTS 1 THRU 4 S2NE N3/4N2SWNW S2SWNWSWNW E3/4S2S2NESWNW E3/4SESWNW SENW E2SE,383.82,PERM COMMON SCHOOLS
133067,Mohave,N,,17N,21W,34,17N - 21W - 34,NE,160,HSPTL-DISABLED MNRS 2/20/1929
133361,Mohave,N,,17N,21W,16,17N - 21W - 16,E2,320,PERM COMMON SCHOOLS
133362,Mohave,N,,18N,21W,32,18N - 21W - 32,ALL,640,PERM COMMON SCHOOLS
134284,Mohave,N,,17N,21W,34,17N - 21W - 34,SE,160,COUNTY BOND
127900,Coconino,N,,30N,2W,32,30N - 2W - 32,ALL,640,PERM COMMON SCHOOLS
127902,Coconino,N,,30N,2W,16,30N - 2W - 16,ALL,640,PERM COMMON SCHOOLS
127928,Coconino,N,,31N,4W,2,31N - 4W - 2,L1 TO 4 S2N2 S2,640,PERM COMMON SCHOOLS
127932,Coconino,N,,32N,5W,16,32N - 5W - 16,ALL,640,PERM COMMON SCHOOLS
127958,Coconino,N,,30N,2W,33,30N - 2W - 33,W2NE SENE NW NESW E2SE,400,PERM COMMON SCHOOLS (INDMTY SELEC)
128379,Coconino,N,,30N,2W,29,30N - 2W - 29,NW W2SW,240,PERM COMMON SCHOOLS (INDMTY SELEC)
128380,Coconino,N,,30N,2W,29,30N - 2W - 29,S2SE,80,PERM COMMON SCHOOLS (INDMTY SELEC)
128724,Coconino,N,,30N,2W,17,30N - 2W - 17,SWSW,40,PERM COMMON SCHOOLS (INDMTY SELEC)
128743,Coconino,N,,30N,2W,20,30N - 2W - 20,E2NE,80,PERM COMMON SCHOOLS (INDMTY SELEC)
128863,Coconino,N,,30N,2W,21,30N - 2W - 21,ALL,640,PERM COMMON SCHOOLS (INDMTY SELEC)
128865,Coconino,N,,30N,2W,8,30N - 2W - 8,NWNW,40,PERM COMMON SCHOOLS (INDMTY SELEC)
128868,Coconino,N,,30N,2W,5,30N - 2W - 5,LOT 4 SWNW W2SW,158.46,PERM COMMON SCHOOLS (INDMTY SELEC)
128870,Coconino,N,,30N,2W,8,30N - 2W - 8,E2E2,160,PERM COMMON SCHOOLS (INDMTY SELEC)
128883,Coconino,N,,30N,2W,9,30N - 2W - 9,ALL,640,PERM COMMON SCHOOLS (INDMTY SELEC)
128885,Coconino,N,,30N,2W,20,30N - 2W - 20,W2NW SW,240,PERM COMMON SCHOOLS (INDMTY SELEC)
128887,Coconino,N,,30N,2W,28,30N - 2W - 28,N2 N2N2NESW SENENESW E2SENESW E2SESW SE,517.5,PERM COMMON SCHOOLS (INDMTY SELEC)
128891,Coconino,N,,30N,2W,17,30N - 2W - 17,SESE,40,PERM COMMON SCHOOLS (INDMTY SELEC)
128947,Coconino,N,,31N,3W,5,31N - 3W - 5,L1 TO 4 S2N2 S2,640,PERM COMMON SCHOOLS (INDMTY SELEC)
128948,Coconino,N,,31N,3W,6,31N - 3W - 6,L1 TO 7 S2NE SENW E2SW SE,627.68,PERM COMMON SCHOOLS (INDMTY SELEC)
122730,Apache,N,,15N,26E,36,15N - 26E - 36,ALL,640,PERM COMMON SCHOOLS
122733,Apache,N,,14N,26E,36,14N - 26E - 36,ALL,640,PERM COMMON SCHOOLS
123028,Apache,N,,17N,31E,10,17N - 31E - 10,LOTS 1 THRU 4,193.5,PERM COMMON SCHOOLS (INDMTY SELEC)
123138,Apache,N,,14N,26E,34,14N - 26E - 34,ALL,660.47,PERM COMMON SCHOOLS (INDMTY SELEC)
122632,Apache,N,,19N,25E,16,19N - 25E - 16,ALL,640,PERM COMMON SCHOOLS
122638,Apache,N,,19N,25E,2,19N - 25E - 2,L1 TO 4 S2N2 S2,643.26,PERM COMMON SCHOOLS
122640,Apache,N,,19N,29E,32,19N - 29E - 32,ALL,640,PERM COMMON SCHOOLS
122645,Apache,N,,21N,27E,32,21N - 27E - 32,ALL,640,PERM COMMON SCHOOLS
122646,Apache,N,,21N,29E,16,21N - 29E - 16,E2SESE JM#1,20,PERM COMMON SCHOOLS
122647,Apache,N,,21N,26E,32,21N - 26E - 32,ALL,640,PERM COMMON SCHOOLS
122648,Apache,N,,21N,29E,16,21N - 29E - 16,N2NENE CHETO 2 S2NENE CHETO 4 N2NWNE CHETO 1 S2NWNE CHETO 3 N2SWNE CHETO 5 S2SWNE CHETO 7 N2SENE CHETO 6 S2SENE CHETO 8 M&B IN N2N2SE CHETO 9,166.67,PERM COMMON SCHOOLS
122649,Apache,N,,21N,29E,16,21N - 29E - 16,NW W2NESW W2SW SESW M&B IN SE,373.33,PERM COMMON SCHOOLS
122650,Apache,N,,21N,29E,16,21N - 29E - 16,E2NESE JM#2,20,PERM COMMON SCHOOLS
122651,Apache,N,,21N,26E,36,21N - 26E - 36,ALL,640,PERM COMMON SCHOOLS
122652,Apache,N,,21N,29E,16,21N - 29E - 16,NENESW NWNWSE CHETO 10,20,PERM COMMON SCHOOLS
122653,Apache,N,,21N,28E,16,21N - 28E - 16,ALL,640,PERM COMMON SCHOOLS
122655,Apache,N,,20N,25E,32,20N - 25E - 32,ALL,640,PERM COMMON SCHOOLS
122656,Apache,N,,20N,25E,36,20N - 25E - 36,ALL,640,PERM COMMON SCHOOLS
122657,Apache,N,,20N,25E,2,20N - 25E - 2,LOTS 1 THRU 4 S2N2 S2,655.14,PERM COMMON SCHOOLS
122658,Apache,N,,18N,28E,2,18N - 28E - 2,S2SW SE,240,PERM COMMON SCHOOLS
122664,Apache,N,,18N,29E,36,18N - 29E - 36,ALL,640,PERM COMMON SCHOOLS
122665,Apache,N,,18N,29E,32,18N - 29E - 32,ALL,640,PERM COMMON SCHOOLS
122666,Apache,N,,18N,28E,36,18N - 28E - 36,ALL,640,PERM COMMON SCHOOLS
122667,Apache,N,,18N,29E,2,18N - 29E - 2,LOTS 1 THRU 4 S2N2 S2,642.32,PERM COMMON SCHOOLS
122668,Apache,N,,18N,31E,16,18N - 31E - 16,ALL,640,PERM COMMON SCHOOLS
122669,Apache,N,,18N,30E,36,18N - 30E - 36,ALL,640,PERM COMMON SCHOOLS
122670,Apache,N,,18N,30E,32,18N - 30E - 32,ALL,640,PERM COMMON SCHOOLS
122671,Apache,N,,18N,30E,2,18N - 30E - 2,LOTS 1 THRU 4 S2N2 S2,641.9,PERM COMMON SCHOOLS
122672,Apache,N,,18N,31E,32,18N - 31E - 32,ALL,640,PERM COMMON SCHOOLS
122673,Apache,N,,18N,30E,16,18N - 30E - 16,ALL,640,PERM COMMON SCHOOLS
122691,Apache,N,,17N,29E,2,17N - 29E - 2,LOTS 1 THRU 4 S2N2 S2,638.34,PERM COMMON SCHOOLS
122769,Apache,N,,21N,26E,2,21N - 26E - 2,LOTS 1 THRU 4 S2N2 S2,643.12,PERM COMMON SCHOOLS
122770,Apache,N,,21N,27E,2,21N - 27E - 2,LOTS 1 THRU 4 S2N2 S2,638.18,PERM COMMON SCHOOLS
122772,Apache,N,,20N,29E,16,20N - 29E - 16,ALL,640,PERM COMMON SCHOOLS
122773,Apache,N,,21N,29E,32,21N - 29E - 32,S2,320,PERM COMMON SCHOOLS
122774,Apache,N,,20N,26E,2,20N - 26E - 2,LOTS 1 THRU 4 S2N2 S2,655.04,PERM COMMON SCHOOLS
122775,Apache,N,,20N,29E,2,20N - 29E - 2,LOTS 1 THRU 4 S2N2 S2,661.44,PERM COMMON SCHOOLS
122776,Apache,N,,21N,29E,16,21N - 29E - 16,M&B IN SE JM#4,20,PERM COMMON SCHOOLS
122777,Apache,N,,21N,27E,16,21N - 27E - 16,ALL,640,PERM COMMON SCHOOLS
122778,Apache,N,,21N,26E,16,21N - 26E - 16,ALL,640,PERM COMMON SCHOOLS
122779,Apache,N,,21N,29E,16,21N - 29E - 16,M&B IN SE JM#3,20,PERM COMMON SCHOOLS
122781,Apache,N,,19N,30E,2,19N - 30E - 2,LOTS 1 THRU 4 S2N2 S2,640.06,PERM COMMON SCHOOLS
122783,Apache,N,,19N,29E,2,19N - 29E - 2,NWSW,40,PERM COMMON SCHOOLS
122784,Apache,N,,19N,30E,16,19N - 30E - 16,ALL,640,PERM COMMON SCHOOLS
122785,Apache,N,,19N,29E,16,19N - 29E - 16,ALL,640,PERM COMMON SCHOOLS
122786,Apache,N,,19N,30E,32,19N - 30E - 32,ALL,640,PERM COMMON SCHOOLS
122787,Apache,N,,19N,29E,36,19N - 29E - 36,ALL,640,PERM COMMON SCHOOLS
122788,Apache,N,,19N,28E,36,19N - 28E - 36,SESE,40,PERM COMMON SCHOOLS
122790,Apache,N,,18N,29E,16,18N - 29E - 16,ALL,640,PERM COMMON SCHOOLS
122792,Apache,N,,19N,30E,36,19N - 30E - 36,ALL,640,PERM COMMON SCHOOLS
122796,Apache,N,,17N,30E,2,17N - 30E - 2,LOTS 1 THRU 4 S2N2 S2,642.06,PERM COMMON SCHOOLS
122838,Apache,N,,18N,27E,32,18N - 27E - 32,ALL,640,PERM COMMON SCHOOLS
122982,Apache,Y,Potash Arizona Inc,18N,26E,24,18N - 26E - 24,ALL,640,PERM COMMON SCHOOLS (INDMTY SELEC)
122986,Apache,N,,20N,26E,18,20N - 26E - 18,LOTS 1 THRU 4 E2 E2W2,611.26,PERM COMMON SCHOOLS (INDMTY SELEC)
122989,Apache,N,,20N,26E,30,20N - 26E - 30,L1 TO 4 E2W2 E2,617.86,PERM COMMON SCHOOLS (INDMTY SELEC)
123031,Apache,N,,17N,31E,4,17N - 31E - 4,LOTS 1 THRU 4 S2N2 S2,637.52,PERM COMMON SCHOOLS (INDMTY SELEC)
123093,Apache,N,,20N,26E,24,20N - 26E - 24,W2SW SESW,120,PERM COMMON SCHOOLS (INDMTY SELEC)
123102,Apache,N,,19N,29E,22,19N - 29E - 22,SWNW,40,PERM COMMON SCHOOLS (INDMTY SELEC)
123103,Apache,N,,19N,26E,6,19N - 26E - 6,L1 TO 7 SENW E2SW S2NE SE,619.11,PERM COMMON SCHOOLS (INDMTY SELEC)
123106,Apache,N,,19N,25E,10,19N - 25E - 10,SW,160,PERM COMMON SCHOOLS (INDMTY SELEC)
123108,Apache,N,,18N,27E,24,18N - 27E - 24,N2N2 SENE E2SE,280,PERM COMMON SCHOOLS (INDMTY SELEC)
123109,Apache,N,,18N,27E,22,18N - 27E - 22,N2 N2S2 SESE,520,PERM COMMON SCHOOLS (INDMTY SELEC)
123110,Apache,N,,18N,27E,20,18N - 27E - 20,E2 E2W2,480,PERM COMMON SCHOOLS (INDMTY SELEC)
123122,Apache,N,,17N,31E,6,17N - 31E - 6,LOTS 1 THRU 7 S2NE SENW E2SW SE,639.06,PERM COMMON SCHOOLS (INDMTY SELEC)
123830,Apache,N,,21N,29E,4,21N - 29E - 4,L1,40.77,COUNTY BOND
123831,Apache,N,,19N,25E,10,19N - 25E - 10,N2 SE,480,COUNTY BOND
127487,Coconino,N,,20N,12.5E,2,20N - 12.5E - 2,L1 TO 4 S2N2 S2,710.84,PERM COMMON SCHOOLS
127763,Coconino,N,,19N,15E,16,19N - 15E - 16,ALL,640,PERM COMMON SCHOOLS
127765,Coconino,N,,19N,14E,2,19N - 14E - 2,LOTS 1 THRU 4 S2N2 S2 EX DOT 95-85966 IN LOT 4 NWNESWNW NENENWSWNW,635.71,PERM COMMON SCHOOLS
127783,Coconino,N,,27N,6E,16,27N - 6E - 16,ALL,640,PERM COMMON SCHOOLS
127795,Coconino,N,,26N,6E,2,26N - 6E - 2,ALL,640,PERM COMMON SCHOOLS
127805,Coconino,N,,26N,8E,16,26N - 8E - 16,ALL,640,PERM COMMON SCHOOLS
127815,Coconino,N,,26N,10E,16,26N - 10E - 16,LOT 1 SENE E2SE,152.73,PERM COMMON SCHOOLS
127817,Coconino,N,,20N,14E,2,20N - 14E - 2,L1 TO 4 S2N2 S2,624.64,PERM COMMON SCHOOLS
127831,Coconino,N,,23N,11E,32,23N - 11E - 32,LOTS 1 THRU 4 W2,441,PERM COMMON SCHOOLS
127841,Coconino,N,,22N,11E,32,22N - 11E - 32,L1 TO 4 W2,440.12,PERM COMMON SCHOOLS
127847,Coconino,N,,21N,11E,32,21N - 11E - 32,L1 TO 4 W2,439.72,PERM COMMON SCHOOLS
128472,Coconino,N,,20N,13E,12,20N - 13E - 12,L1 TO 7 SWNE S2NW W2SE SW,630.97,PERM COMMON SCHOOLS (INDMTY SELEC)
128473,Coconino,N,,20N,13E,8,20N - 13E - 8,LOTS 1 THRU 4 S2N2 S2,638.96,PERM COMMON SCHOOLS (INDMTY SELEC)
128476,Coconino,N,,20N,13E,10,20N - 13E - 10,LOTS 1 THRU 4 S2N2 S2,635.16,PERM COMMON SCHOOLS (INDMTY SELEC)
128503,Coconino,N,,27N,6E,28,27N - 6E - 28,ALL,640,PERM COMMON SCHOOLS (INDMTY SELEC)
128535,Coconino,N,,20N,15E,6,20N - 15E - 6,L1 TO 7 S2NE SENW E2SW SE,542.67,PERM COMMON SCHOOLS (INDMTY SELEC)
128539,Coconino,N,,20N,14E,4,20N - 14E - 4,LOTS 1 THRU 4 S2N2 S2,626.46,PERM COMMON SCHOOLS (INDMTY SELEC)
128542,Coconino,N,,20N,15E,4,20N - 15E - 4,L1 TO 4 S2N2 S2,628.7,PERM COMMON SCHOOLS (INDMTY SELEC)
128543,Coconino,N,,20N,14E,6,20N - 14E - 6,LOTS 1 THRU 7 S2NE SENW E2SW SE,610.44,PERM COMMON SCHOOLS (INDMTY SELEC)
128551,Coconino,N,,26N,7E,10,26N - 7E - 10,W2,320,PERM COMMON SCHOOLS (INDMTY SELEC)
128552,Coconino,N,,26N,8E,18,26N - 8E - 18,L1 TO 4 E2W2 E2,630,PERM COMMON SCHOOLS (INDMTY SELEC)
128553,Coconino,N,,26N,8E,4,26N - 8E - 4,L1 TO 4 S2N2 S2,641.36,PERM COMMON SCHOOLS (INDMTY SELEC)
128555,Coconino,N,,26N,7E,4,26N - 7E - 4,ALL,640,PERM COMMON SCHOOLS (INDMTY SELEC)
128562,Coconino,N,,26N,7E,6,26N - 7E - 6,LOTS 1 THRU 4 E2 E2W2,602.32,PERM COMMON SCHOOLS (INDMTY SELEC)
128563,Coconino,N,,26N,7E,14,26N - 7E - 14,ALL,640,PERM COMMON SCHOOLS (INDMTY SELEC)
128569,Coconino,N,,27N,9E,6,27N - 9E - 6,LOTS 3 THRU 11 SENW E2SW N2SE SESE,501.56,PERM COMMON SCHOOLS (INDMTY SELEC)
128570,Coconino,N,,27N,9E,2,27N - 9E - 2,L1 TO 4 S2N2 S2,638.16,PERM COMMON SCHOOLS (INDMTY SELEC)
128572,Coconino,N,,27N,10E,6,27N - 10E - 6,LOTS 1 THRU 4 S2N2 S2,641.2,PERM COMMON SCHOOLS (INDMTY SELEC)
128576,Coconino,N,,26N,9E,14,26N - 9E - 14,SW,160,PERM COMMON SCHOOLS (INDMTY SELEC)
128578,Coconino,N,,26N,9E,24,26N - 9E - 24,NW,160,PERM COMMON SCHOOLS (INDMTY SELEC)
128597,Coconino,N,,26N,9E,26,26N - 9E - 26,ALL,640,PERM COMMON SCHOOLS (INDMTY SELEC)
128685,Coconino,N,,22N,11E,8,22N - 11E - 8,L1 TO 4 W2,440.6,PERM COMMON SCHOOLS (INDMTY SELEC)
128689,Coconino,N,,22N,11E,20,22N - 11E - 20,L 1 TO 4 W2,440.28,PERM COMMON SCHOOLS (INDMTY SELEC)
128691,Coconino,N,,27N,8E,2,27N - 8E - 2,SE,160,PERM COMMON SCHOOLS (INDMTY SELEC)
128692,Coconino,N,,27N,8E,28,27N - 8E - 28,ALL,640,PERM COMMON SCHOOLS (INDMTY SELEC)
128697,Coconino,N,,21N,11E,20,21N - 11E - 20,L1 TO 4 W2,439.76,PERM COMMON SCHOOLS (INDMTY SELEC)
128698,Coconino,N,,21N,11E,8,21N - 11E - 8,L1 TO 4 W2,440,PERM COMMON SCHOOLS (INDMTY SELEC)
134363,Navajo,N,,20N,21E,2,20N - 21E - 2,L1-4 S2N2 S2,641.9,PERM COMMON SCHOOLS
134366,Navajo,N,,20N,22E,2,20N - 22E - 2,LOTS 1 2 S2NE S2,483.8,PERM COMMON SCHOOLS
134425,Navajo,N,,20N,19E,2,20N - 19E - 2,LOTS 1 THRU 4 S2N2 S2,641.26,PERM COMMON SCHOOLS
134426,Navajo,N,,20N,20E,2,20N - 20E - 2,LOTS 1 THRU 4 S2N2 S2,643.04,PERM COMMON SCHOOLS
134428,Navajo,N,,20N,16E,2,20N - 16E - 2,L1 TO 4 S2N2 S2,637.96,PERM COMMON SCHOOLS
134429,Navajo,N,,20N,17E,2,20N - 17E - 2,L1 TO 4 S2N2 S2,638.58,PERM COMMON SCHOOLS
134621,Navajo,N,,20N,15E,2,20N - 15E - 2,LOTS 1 THRU 4 S2N2 S2,632.88,PERM COMMON SCHOOLS
134629,Navajo,N,,20N,23E,4,20N - 23E - 4,LOTS 1 THRU 4 S2N2 S2,648.7,PERM COMMON SCHOOLS (INDMTY SELEC)
134638,Navajo,N,,20N,22E,4,20N - 22E - 4,L1 TO 4 S2N2 S2,645.12,PERM COMMON SCHOOLS (INDMTY SELEC)
134639,Navajo,N,,20N,21E,6,20N - 21E - 6,L1-7 SENW S2NE E2SW SE,673.81,PERM COMMON SCHOOLS (INDMTY SELEC)
134644,Navajo,N,,20N,21E,4,20N - 21E - 4,L1-4 S2N2 S2,642.86,PERM COMMON SCHOOLS (INDMTY SELEC)
134691,Navajo,N,,20N,23E,6,20N - 23E - 6,LOTS 1 THRU 7 S2NE SENW E2SW SE,623.28,PERM COMMON SCHOOLS (INDMTY SELEC)
134692,Navajo,N,,20N,22E,6,20N - 22E - 6,LOTS 1 THRU 7 S2NE SENW E2SW SE,664.47,PERM COMMON SCHOOLS (INDMTY SELEC)
134693,Navajo,N,,20N,18E,6,20N - 18E - 6,LOTS 1 THRU 7 S2NE SENW E2SW SE,664.19,PERM COMMON SCHOOLS (INDMTY SELEC)
134694,Navajo,N,,20N,17E,4,20N - 17E - 4,L1 TO 4 S2N2 S2,639.38,PERM COMMON SCHOOLS (INDMTY SELEC)
134695,Navajo,N,,20N,17E,6,20N - 17E - 6,LOTS 1 THRU 7 S2NE SENW E2SW SE,722.07,PERM COMMON SCHOOLS (INDMTY SELEC)