OBJECTID,county,trust_name,lease_status,lessee,township,range,section,aliquot,acres,trs - Copy
160548,Yuma,PERM COMMON SCHOOLS,Y,Cocopah Indian Tribe,9S,23W,32,E2NW N2N2SW N2S2NWSW SENESW,140,9S - 23W - 32
160577,Yuma,PERM COMMON SCHOOLS,N,,9S,24W,36,E2 LYING E OF DOR 93-102385 EX PATENTS 53-101880 553 AND 674,189.55,9S - 24W - 36
160580,Yuma,PERM COMMON SCHOOLS,N,,9S,24W,36,W 33FT OF W2W2 EX N 72FT,3.95,9S - 24W - 36
160620,Yuma,PERM COMMON SCHOOLS,Y,Lee A. Consaul Co Inc,9S,25W,36,LOTS 1 AND 5 THRU 10 S2N2 S2,639.78,9S - 25W - 36
161197,Lapaz,PERM COMMON SCHOOLS,N,,4N,21W,36,E2,320,4N - 21W - 36
161246,Lapaz,PERM COMMON SCHOOLS,N,,3N,21W,2,E2 S2NW E2SW NWSW,520,3N - 21W - 2
161249,Lapaz,PERM COMMON SCHOOLS,N,,8N,19W,16,LOTS 1 THRU 4 E2 E2SW,504.72,8N - 19W - 16
161375,Lapaz,PERM COMMON SCHOOLS (INDMTY SELEC),Y,Jason Schickedanz,7N,19W,19,LOTS 1 THRU 4 E2W2 E2,632.87,7N - 19W - 19
161403,Lapaz,PERM COMMON SCHOOLS (INDMTY SELEC),Y,Jason Schickedanz,7N,19W,18,LOTS 1 THRU 4 E2SW E2,501.16,7N - 19W - 18
161717,Lapaz,PERM COMMON SCHOOLS (INDMTY SELEC),Y,Jason Schickedanz,8N,19W,4,LOTS 6 THRU 8,80.67,8N - 19W - 4
161729,Lapaz,PERM COMMON SCHOOLS (INDMTY SELEC),N,,4N,22W,36,LOTS 5 6 7,55.43,4N - 22W - 36
161741,Lapaz,PERM COMMON SCHOOLS (INDMTY SELEC),N,,8N,19W,20,LOTS 5 THRU 7,79.82,8N - 19W - 20
161743,Lapaz,PERM COMMON SCHOOLS (INDMTY SELEC),N,,10N,19W,34,LOTS 5 6 E2NE N2NESE,168.81,10N - 19W - 34
161758,Lapaz,PERM COMMON SCHOOLS (INDMTY SELEC),N,,3N,21W,5,LOTS 5 THRU 8 SWNW S2 EX PAT 7186 LY IN SESE,461.06,3N - 21W - 5
161759,Lapaz,PERM COMMON SCHOOLS (INDMTY SELEC),N,,3N,22W,1,LOTS 1 THRU 4 S2N2 N2N2SW N2SE N2SESE EX PAT 7268 LY IN N2N2SW,349.14,3N - 22W - 1
161770,Lapaz,PERM COMMON SCHOOLS (INDMTY SELEC),Y,Jason Schickedanz,8N,19W,3,LOTS 1 THRU 4 S2N2 S2,556,8N - 19W - 3
161775,Lapaz,PERM COMMON SCHOOLS (INDMTY SELEC),N,,8N,19W,9,LOTS 4 THRU 7 SWSE E2E2,291.76,8N - 19W - 9
161776,Lapaz,PERM COMMON SCHOOLS (INDMTY SELEC),Y,"U.S. FARMING SOLUTIONS, LLC",9N,19W,2,LOTS 1 THRU 6 S2NE SENW,363.67,9N - 19W - 2
161777,Lapaz,PERM COMMON SCHOOLS (INDMTY SELEC),Y,"U.S. FARMING SOLUTIONS, LLC",9N,19W,11,LOTS 5 6 SE M&B IN LOTS 3 4 N2N2NENW S2NE,313.98,9N - 19W - 11
161788,Lapaz,PERM COMMON SCHOOLS (INDMTY SELEC),Y,"U.S. FARMING SOLUTIONS, LLC",9N,19W,2,LOT 7,22.23,9N - 19W - 2
161789,Lapaz,PERM COMMON SCHOOLS (INDMTY SELEC),Y,"U.S. FARMING SOLUTIONS, LLC",9N,19W,3,LOT 7,13.02,9N - 19W - 3
161801,Lapaz,PERM COMMON SCHOOLS (INDMTY SELEC),N,,3N,21W,4,LOTS 6 7 8 N2SW NWSE AND N2N2S2SW LY N OF PAT 7186 SWSE LY N OF PAT 7186 AND INTERSTATE 10,247.68,3N - 21W - 4
161802,Lapaz,PERM COMMON SCHOOLS (INDMTY SELEC),N,,3N,21W,6,LOTS 1 THRU 7 S2NE SENW E2SW SE,530.37,3N - 21W - 6
160479,Yuma,PENITENTIARY LAND FUND,Y,"Cha Cha, L.L.C. Et Al",8S,23W,13,SLD LEASE PARCEL 1,309.83,8S - 23W - 13
160484,Yuma,PENITENTIARY LAND FUND,N,,8S,23W,23,PRESENT COLORADO RIVER IN N2 AND ABANDONED COLORADO RIVER CHANNEL IN NW,158.16,8S - 23W - 23
160499,Yuma,PENITENTIARY LAND FUND,N,,8S,23W,22,LOTS 1 2 3 7,177.33,8S - 23W - 22
160500,Yuma,PENITENTIARY LAND FUND,N,,8S,23W,24,ALL LY NLY OF LEFT BANK OF PRESENT COLORADO RIVER EX YIR IN N2NWNW AND W2 OF ABANDONED COLORADO RIVER CHANNEL IN W2NENW AND N2NWNW,321.85,8S - 23W - 24
160503,Yuma,PENITENTIARY LAND FUND,N,,8S,23W,15,L1 TO 4 S2SE,213.58,8S - 23W - 15
160790,Yuma,PERM COMMON SCHOOLS (INDMTY SELEC),N,,7S,11W,29,ALL,640,7S - 11W - 29
161103,Yuma,NAVIGABLE STREAMBEDS,Y,"Cha Cha, L.L.C. Et Al",8S,23W,13,SLD LEASE PARCEL 8,29.04,8S - 23W - 13
154595,Pinal,MINERS HSPTL-DISABLED MINERS,N,,4S,8E,10,SE,160,4S - 8E - 10
154596,Pinal,MINERS HSPTL-DISABLED MINERS,N,,4S,8E,15,E2,320,4S - 8E - 15
154599,Pinal,MINERS HSPTL-DISABLED MINERS,N,,5S,6E,15,N2,320,5S - 6E - 15
154600,Pinal,MINERS HSPTL-DISABLED MINERS,N,,5S,6E,14,ALL,640,5S - 6E - 14
154651,Pinal,NORMAL SCHOOL,N,,4S,8E,3,LOTS 1 2 S2NE SE,317.95,4S - 8E - 3
154833,Pinal,PERM COMMON SCHOOLS,N,,4S,2E,16,M&B IN N2N2 S2N2 S2,561.21,4S - 2E - 16
154834,Pinal,PERM COMMON SCHOOLS,Y,"Arizona Soaring, Inc.",4S,2E,16,W 2600FT E 4100FT N2N2,78.79,4S - 2E - 16
154835,Pinal,PERM COMMON SCHOOLS,Y,Troy Skousen Farms LLC,4S,3E,16,E2 M&B IN NW,336.42,4S - 3E - 16
154862,Pinal,PERM COMMON SCHOOLS,N,,5S,6E,16,W2NW SENW SW W2SE AND W2NE SWSENE NENW E2SE LY SWLY OF (I-10) PAT 5714,515.58,5S - 6E - 16
154863,Pinal,PERM COMMON SCHOOLS,Y,Crown Atlantic Company LLC,5S,6E,16,M&B IN NWNE,6.34,5S - 6E - 16
154901,Pinal,PERM COMMON SCHOOLS,N,,5S,6E,16,NENE AND NWNE NENESWNE SENE E2NESE LY NELY OF (I-10) PAT 5714,86.78,5S - 6E - 16
154902,Pinal,PERM COMMON SCHOOLS,N,,4S,3E,16,SWSWNW EX 53-94816-01 SW M&B IN NW,289.79,4S - 3E - 16
155467,Pinal,PERM COMMON SCHOOLS (INDMTY SELEC),N,,4S,2E,17,ALL,640,4S - 2E - 17
156759,Pinal,SCHOOL OF MINES,N,,5S,4E,12,ALL,640,5S - 4E - 12
144064,Coconino,AGRICULTURE & MECHANICAL CLLGE,Y,Hopi Tribe,16N,14E,8,ALL,640,16N - 14E - 8
144065,Coconino,AGRICULTURE & MECHANICAL CLLGE,Y,Hopi Tribe,16N,14E,10,M&B IN SEC N OF THE MIDDLE OF THE WATERCOURSE OF CLEAR CREEK CANYON,599.5,16N - 14E - 10
144066,Coconino,AGRICULTURE & MECHANICAL CLLGE,Y,Hopi Tribe,16N,13E,18,LOTS 1 THRU 12 NE W2SE LY NWLY FROM C/L OF STATE HIGHWAY 87 EX PAT 5630 LY IN SESE OF LOT 12,650.34,16N - 13E - 18
144068,Coconino,AGRICULTURE & MECHANICAL CLLGE,Y,Hopi Tribe,16N,14E,6,LOTS 1 THRU 22 E2SW SE,1145.56,16N - 14E - 6
144069,Coconino,AGRICULTURE & MECHANICAL CLLGE,Y,Hopi Tribe,16N,14E,4,LOTS 1 THRU 20 S2,1119.96,16N - 14E - 4
144072,Coconino,AGRICULTURE & MECHANICAL CLLGE,Y,Hopi Tribe,16N,13E,18,E2 SESESESE OF LOT 12 LY SELY FROM C/L OF STATE HIGHWAY 87,96.22,16N - 13E - 18
144148,Coconino,MINERS HSPTL-DISABLED MINERS,Y,Hopi Tribe,16N,14E,12,E2 LY SELY OF CLEAR CREEK CANYON,280,16N - 14E - 12
144149,Coconino,MINERS HSPTL-DISABLED MINERS,Y,Hopi Tribe,16N,14E,12,N2NENE W2NE W2NWNWSE LY NWLY OF CLEAR CREEK CANYON,40,16N - 14E - 12
144249,Coconino,PERM COMMON SCHOOLS,Y,Hopi Tribe,20N,11E,2,LOTS 1 THRU 12 S2 EX CONDEMNATION 95-98643 LY IN SWSWSWSW,815.23,20N - 11E - 2
144251,Coconino,PERM COMMON SCHOOLS,Y,Hopi Tribe,20N,12E,2,SWNW SW W2SE SESE AND LOTS 3 4 S2NE SENW NESE LY S FROM C/L OF RAILROAD,505.91,20N - 12E - 2
144255,Coconino,PERM COMMON SCHOOLS,Y,Hopi Tribe,20N,12E,16,NE N2NW N2S2NW N2S2S2NW AND S2S2S2NW N2N2NENESW N2N2SE LY N OF CONDEMNATION 95-98643,335.33,20N - 12E - 16
144256,Coconino,PERM COMMON SCHOOLS,Y,Hopi Tribe,20N,11E,16,ALL,640,20N - 11E - 16
144260,Coconino,PERM COMMON SCHOOLS,Y,Hopi Tribe,20N,12E,36,W2W2NWNWNENE NWNE NW NWNWNWNWSW LY NWLY OF FENCE,267.82,20N - 12E - 36
144263,Coconino,PERM COMMON SCHOOLS,Y,Hopi Tribe,20N,12E,32,ALL,640,20N - 12E - 32
144264,Coconino,PERM COMMON SCHOOLS,Y,Hopi Tribe,20N,10E,36,ALL,640,20N - 10E - 36
144265,Coconino,PERM COMMON SCHOOLS,Y,Hopi Tribe,20N,11E,32,ALL,640,20N - 11E - 32
144266,Coconino,PERM COMMON SCHOOLS,Y,Hopi Tribe,20N,11E,36,ALL,640,20N - 11E - 36
144268,Coconino,PERM COMMON SCHOOLS,Y,Hopi Tribe,19N,12E,2,LOTS1 THRU 4 S2N2 S2,639.04,19N - 12E - 2
144270,Coconino,PERM COMMON SCHOOLS,Y,Hopi Tribe,19N,11E,2,ALL,640,19N - 11E - 2
144272,Coconino,PERM COMMON SCHOOLS,Y,"Bar T Bar Ranch, Inc.",19N,14E,16,ALL,640,19N - 14E - 16
144276,Coconino,PERM COMMON SCHOOLS,Y,Hopi Tribe,19N,11E,16,ALL,640,19N - 11E - 16
144281,Coconino,PERM COMMON SCHOOLS,Y,Hopi Tribe,18N,14E,2,LOTS 1 THRU 4 S2N2 S2,675.2,18N - 14E - 2
144282,Coconino,PERM COMMON SCHOOLS,Y,"Bar T Bar Ranch, Inc.",18N,13E,2,L 1 TO 4 S2N2 S2,673.4,18N - 13E - 2
144285,Coconino,PERM COMMON SCHOOLS,Y,Hopi Tribe,19N,11E,32,LOTS 1 THRU 4 N2S2 N2,637.24,19N - 11E - 32
144290,Coconino,PERM COMMON SCHOOLS,Y,Hopi Tribe,18N,15E,32,ALL,640,18N - 15E - 32
144291,Coconino,PERM COMMON SCHOOLS,Y,Hopi Tribe,18N,14E,36,E2 S2NW SW AND N2NW LY SELY FROM C/L OF STATE HIGHWAY 87,626.43,18N - 14E - 36
144292,Coconino,PERM COMMON SCHOOLS,Y,Hopi Tribe,18N,14E,32,ALL,640,18N - 14E - 32
144293,Coconino,PERM COMMON SCHOOLS,Y,Hopi Tribe,18N,13E,32,E2NE SWNE SESW SE AND NWNE E2NW N2SW SWSW LY SELY OF FENCE,469.3,18N - 13E - 32
144294,Coconino,PERM COMMON SCHOOLS,Y,Hopi Tribe,18N,13E,36,ALL,640,18N - 13E - 36
144297,Coconino,PERM COMMON SCHOOLS,Y,"Bar T Bar Ranch, Inc.",18N,13E,16,ALL,640,18N - 13E - 16
144301,Coconino,PERM COMMON SCHOOLS,Y,Hopi Tribe,19N,14E,32,ALL,640,19N - 14E - 32
144302,Coconino,PERM COMMON SCHOOLS,Y,"Bar T Bar Ranch, Inc.",19N,13E,36,ALL,640,19N - 13E - 36
144305,Coconino,PERM COMMON SCHOOLS,Y,Hopi Tribe,17N,13E,2,ALL,640,17N - 13E - 2
144311,Coconino,PERM COMMON SCHOOLS,Y,Hopi Tribe,17N,13E,36,LOTS 1 THRU 4 N2S2 N2,612.96,17N - 13E - 36
144312,Coconino,PERM COMMON SCHOOLS,Y,Hopi Tribe,17N,14E,32,LOTS 1 THRU 4 N2S2 N2,586.35,17N - 14E - 32
144313,Coconino,PERM COMMON SCHOOLS,Y,Hopi Tribe,17N,13E,32,LOTS 1 THRU 8 N2S2 N2,797.92,17N - 13E - 32
144315,Coconino,PERM COMMON SCHOOLS,Y,Hopi Tribe,17N,14E,36,LOTS 1 THRU 4 N2S2 N2,595.16,17N - 14E - 36
144316,Coconino,PERM COMMON SCHOOLS,Y,Hopi Tribe,17N,15E,16,W2E2E2 W2E2 W2 AND E2E2E2 LY W OF COUNTY LINE,596.36,17N - 15E - 16
144317,Coconino,PERM COMMON SCHOOLS,Y,Hopi Tribe,17N,14E,16,ALL,640,17N - 14E - 16
144318,Coconino,PERM COMMON SCHOOLS,Y,Hopi Tribe,17N,13E,16,ALL,640,17N - 13E - 16
144321,Coconino,PERM COMMON SCHOOLS,Y,Hopi Tribe,17N,14E,2,ALL,640,17N - 14E - 2
144328,Coconino,PERM COMMON SCHOOLS,Y,Hopi Tribe,16N,13E,16,ALL,640,16N - 13E - 16
144329,Coconino,PERM COMMON SCHOOLS,Y,Hopi Tribe,16N,15E,16,ALL,640,16N - 15E - 16
144330,Coconino,PERM COMMON SCHOOLS,Y,Hopi Tribe,16N,14E,16,ALL,640,16N - 14E - 16
144331,Coconino,PERM COMMON SCHOOLS,Y,Hopi Tribe,16N,14E,2,LOTS 1 THRU 20 S2,1109.92,16N - 14E - 2
144334,Coconino,PERM COMMON SCHOOLS,Y,"Bar T Bar Ranch, Inc.",17N,12.5E,36,LOTS 1 THRU 4 N2N2,331.21,17N - 12.5E - 36
144335,Coconino,PERM COMMON SCHOOLS,Y,Hopi Tribe,16N,13E,2,LOTS 1 THRU 16 S2,1003.16,16N - 13E - 2
144337,Coconino,PERM COMMON SCHOOLS,Y,Hopi Tribe,15N,15E,16,ALL,640,15N - 15E - 16
144341,Coconino,PERM COMMON SCHOOLS,Y,Hopi Tribe,16N,15E,32,ALL,640,16N - 15E - 32
144343,Coconino,PERM COMMON SCHOOLS,Y,Hopi Tribe,20N,12E,16,S2N2S2 S2S2 AND S2S2SWNW N2N2S2 LY S OF CONDEMNATION 95-98643,297.82,20N - 12E - 16
144344,Coconino,PERM COMMON SCHOOLS,Y,City of Flagstaff,20N,12E,2,LOTS 1 2 AND LOTS 3 4 S2NE N2N2SENW N2N2NESE LY N OF RR,208.61,20N - 12E - 2
144578,Coconino,PERM COMMON SCHOOLS,Y,Hopi Tribe,21N,10E,36,ALL EX 10.01AC IN NWSE LY S OF HWY,617.79,21N - 10E - 36
144774,Coconino,PERM COMMON SCHOOLS,Y,Hopi Tribe,18N,14E,16,ALL,640,18N - 14E - 16
144803,Coconino,PERM COMMON SCHOOLS (INDMTY SELEC),Y,Hopi Tribe,20N,11E,6,LOTS 1 THRU 15 E2SW SE EX M&B IN LOT 6,916.41,20N - 11E - 6
144805,Coconino,PERM COMMON SCHOOLS (INDMTY SELEC),Y,Hopi Tribe,20N,12E,6,LOTS 1 THRU 7 S2NE SENW E2SW SE,704.9,20N - 12E - 6
144806,Coconino,PERM COMMON SCHOOLS (INDMTY SELEC),Y,Hopi Tribe,20N,12E,4,LOTS 1 THRU 4 S2N2 S2,715.56,20N - 12E - 4
144812,Coconino,PERM COMMON SCHOOLS (INDMTY SELEC),Y,Hopi Tribe,20N,11E,4,LOT 12 N2SW NWSE S2S2 AND LOTS 5 6 9 10 11 NESE LY S OF CONDEMNATION 95-98643,428.23,20N - 11E - 4
144820,Coconino,PERM COMMON SCHOOLS (INDMTY SELEC),Y,Hopi Tribe,20N,12E,22,ALL,640,20N - 12E - 22
144821,Coconino,PERM COMMON SCHOOLS (INDMTY SELEC),Y,"Bar T Bar Ranch, Inc.",20N,12E,24,ALL NELY OF FENCE,578.19,20N - 12E - 24
144822,Coconino,PERM COMMON SCHOOLS (INDMTY SELEC),Y,Hopi Tribe,20N,12E,20,ALL,640,20N - 12E - 20
144824,Coconino,PERM COMMON SCHOOLS (INDMTY SELEC),Y,Hopi Tribe,20N,10E,24,ALL,640,20N - 10E - 24
144825,Coconino,PERM COMMON SCHOOLS (INDMTY SELEC),Y,Hopi Tribe,20N,11E,22,E2 N2NW SWNW SW,600,20N - 11E - 22
144826,Coconino,PERM COMMON SCHOOLS (INDMTY SELEC),Y,Hopi Tribe,20N,11E,24,ALL,640,20N - 11E - 24
144832,Coconino,PERM COMMON SCHOOLS (INDMTY SELEC),Y,Hopi Tribe,20N,12E,8,ALL,640,20N - 12E - 8
144833,Coconino,PERM COMMON SCHOOLS (INDMTY SELEC),Y,Hopi Tribe,20N,12E,10,ALL,640,20N - 12E - 10
144835,Coconino,PERM COMMON SCHOOLS (INDMTY SELEC),Y,Hopi Tribe,20N,12E,12,ALL,640,20N - 12E - 12
144837,Coconino,PERM COMMON SCHOOLS (INDMTY SELEC),Y,Hopi Tribe,20N,10E,12,ALL,640,20N - 10E - 12
144838,Coconino,PERM COMMON SCHOOLS (INDMTY SELEC),Y,Hopi Tribe,20N,11E,8,ALL,640,20N - 11E - 8
144839,Coconino,PERM COMMON SCHOOLS (INDMTY SELEC),Y,Hopi Tribe,20N,11E,10,ALL EX CONDEMNATION 95-98643 LY IN NENENENE,639.92,20N - 11E - 10
144844,Coconino,PERM COMMON SCHOOLS (INDMTY SELEC),Y,Hopi Tribe,20N,12E,18,LOTS 2 3 4 E2SW SE AND LOT 1 E2NW S2S2SWSWNWNE S2NE LY S OF CONDEMNATION 95-98643,485.06,20N - 12E - 18
144845,Coconino,PERM COMMON SCHOOLS (INDMTY SELEC),Y,Hopi Tribe,20N,11E,18,LOTS 1 THRU 4 E2W2 E2,715.55,20N - 11E - 18
144846,Coconino,PERM COMMON SCHOOLS (INDMTY SELEC),Y,Hopi Tribe,20N,11E,14,ALL,640,20N - 11E - 14
144848,Coconino,PERM COMMON SCHOOLS (INDMTY SELEC),Y,Hopi Tribe,20N,10E,14,ALL,640,20N - 10E - 14
144855,Coconino,PERM COMMON SCHOOLS (INDMTY SELEC),Y,Hopi Tribe,19N,11E,18,E2E2,160,19N - 11E - 18
144858,Coconino,PERM COMMON SCHOOLS (INDMTY SELEC),Y,Hopi Tribe,20N,12E,34,ALL,640,20N - 12E - 34
144860,Coconino,PERM COMMON SCHOOLS (INDMTY SELEC),Y,Hopi Tribe,20N,11E,34,ALL,640,20N - 11E - 34
144862,Coconino,PERM COMMON SCHOOLS (INDMTY SELEC),Y,Hopi Tribe,19N,14E,30,ALL,640,19N - 14E - 30
144863,Coconino,PERM COMMON SCHOOLS (INDMTY SELEC),Y,Hopi Tribe,19N,14E,28,ALL,640,19N - 14E - 28
144864,Coconino,PERM COMMON SCHOOLS (INDMTY SELEC),Y,Hopi Tribe,19N,14E,26,ALL,640,19N - 14E - 26
144874,Coconino,PERM COMMON SCHOOLS (INDMTY SELEC),Y,Hopi Tribe,19N,14E,10,ALL,640,19N - 14E - 10
144875,Coconino,PERM COMMON SCHOOLS (INDMTY SELEC),Y,Hopi Tribe,19N,12E,4,LOTS 1 THRU 4 S2N2 S2,637.92,19N - 12E - 4
144876,Coconino,PERM COMMON SCHOOLS (INDMTY SELEC),Y,Hopi Tribe,19N,12E,6,LOTS 1 THRU 7 S2NE SENW E2SW SE,630.04,19N - 12E - 6
144877,Coconino,PERM COMMON SCHOOLS (INDMTY SELEC),Y,Hopi Tribe,19N,11E,6,LOT 1 THRU 4 E2W2 E2,703.43,19N - 11E - 6
144878,Coconino,PERM COMMON SCHOOLS (INDMTY SELEC),Y,Hopi Tribe,19N,11E,4,ALL,640,19N - 11E - 4
144879,Coconino,PERM COMMON SCHOOLS (INDMTY SELEC),Y,Hopi Tribe,19N,11E,18,LOT 1,52.17,19N - 11E - 18
144880,Coconino,PERM COMMON SCHOOLS (INDMTY SELEC),Y,"Bar T Bar Ranch, Inc.",19N,14E,18,ALL,640,19N - 14E - 18
144884,Coconino,PERM COMMON SCHOOLS (INDMTY SELEC),Y,Hopi Tribe,19N,12E,8,ALL,640,19N - 12E - 8
144885,Coconino,PERM COMMON SCHOOLS (INDMTY SELEC),Y,Hopi Tribe,19N,12E,10,ALL,640,19N - 12E - 10
144887,Coconino,PERM COMMON SCHOOLS (INDMTY SELEC),Y,Hopi Tribe,19N,11E,8,ALL,640,19N - 11E - 8
144888,Coconino,PERM COMMON SCHOOLS (INDMTY SELEC),Y,Hopi Tribe,19N,11E,12,W2W2,160,19N - 11E - 12
144889,Coconino,PERM COMMON SCHOOLS (INDMTY SELEC),Y,Hopi Tribe,19N,14E,20,ALL,640,19N - 14E - 20
144894,Coconino,PERM COMMON SCHOOLS (INDMTY SELEC),Y,Hopi Tribe,19N,14E,22,ALL,640,19N - 14E - 22
144896,Coconino,PERM COMMON SCHOOLS (INDMTY SELEC),Y,Hopi Tribe,19N,11E,14,ALL,640,19N - 11E - 14
144898,Coconino,PERM COMMON SCHOOLS (INDMTY SELEC),Y,Hopi Tribe,20N,12E,30,LOTS 1 THRU 4 E2W2 E2,632.16,20N - 12E - 30
144899,Coconino,PERM COMMON SCHOOLS (INDMTY SELEC),Y,Hopi Tribe,20N,12E,26,ALL,640,20N - 12E - 26
144901,Coconino,PERM COMMON SCHOOLS (INDMTY SELEC),Y,Hopi Tribe,20N,11E,30,LOTS 1 THRU 4 E2W2 E2,710.45,20N - 11E - 30
144902,Coconino,PERM COMMON SCHOOLS (INDMTY SELEC),Y,Hopi Tribe,20N,11E,28,ALL,640,20N - 11E - 28
144903,Coconino,PERM COMMON SCHOOLS (INDMTY SELEC),Y,Hopi Tribe,20N,11E,26,ALL,640,20N - 11E - 26
144905,Coconino,PERM COMMON SCHOOLS (INDMTY SELEC),Y,Hopi Tribe,20N,10E,26,ALL,640,20N - 10E - 26
144909,Coconino,PERM COMMON SCHOOLS (INDMTY SELEC),Y,Hopi Tribe,18N,14E,6,LOTS 1 THRU 4 S2N2 S2,674.56,18N - 14E - 6
144910,Coconino,PERM COMMON SCHOOLS (INDMTY SELEC),Y,Hopi Tribe,18N,14E,4,LOTS 1 THRU 4 S2N2 S2,675.16,18N - 14E - 4
144919,Coconino,PERM COMMON SCHOOLS (INDMTY SELEC),Y,Hopi Tribe,18N,14E,10,ALL,640,18N - 14E - 10
144920,Coconino,PERM COMMON SCHOOLS (INDMTY SELEC),Y,Hopi Tribe,18N,14E,8,ALL,640,18N - 14E - 8
144921,Coconino,PERM COMMON SCHOOLS (INDMTY SELEC),Y,Hopi Tribe,18N,14E,12,LOTS 1 THRU 4 W2E2 W2,635.52,18N - 14E - 12
144923,Coconino,PERM COMMON SCHOOLS (INDMTY SELEC),Y,Hopi Tribe,18N,13E,12,ALL,640,18N - 13E - 12
144926,Coconino,PERM COMMON SCHOOLS (INDMTY SELEC),Y,Hopi Tribe,18N,14E,34,N2 SW N2SE SWSE AND SESE LY NWLY FROM C/L OF STATE HIGHWAY 87,630.4,18N - 14E - 34
144929,Coconino,PERM COMMON SCHOOLS (INDMTY SELEC),Y,Hopi Tribe,18N,13E,34,ALL,640,18N - 13E - 34
144935,Coconino,PERM COMMON SCHOOLS (INDMTY SELEC),Y,Hopi Tribe,18N,14E,18,ALL,640,18N - 14E - 18
144938,Coconino,PERM COMMON SCHOOLS (INDMTY SELEC),Y,Hopi Tribe,18N,14E,14,ALL,640,18N - 14E - 14
144939,Coconino,PERM COMMON SCHOOLS (INDMTY SELEC),Y,Hopi Tribe,18N,13E,14,ALL,640,18N - 13E - 14
144945,Coconino,PERM COMMON SCHOOLS (INDMTY SELEC),Y,Hopi Tribe,18N,14E,22,ALL,640,18N - 14E - 22
144946,Coconino,PERM COMMON SCHOOLS (INDMTY SELEC),Y,Hopi Tribe,18N,13E,22,ALL,640,18N - 13E - 22
144947,Coconino,PERM COMMON SCHOOLS (INDMTY SELEC),Y,Hopi Tribe,18N,14E,24,LOTS 1 THRU 4 W2E2 W2,637.48,18N - 14E - 24
144948,Coconino,PERM COMMON SCHOOLS (INDMTY SELEC),Y,Hopi Tribe,18N,14E,20,ALL,640,18N - 14E - 20
144949,Coconino,PERM COMMON SCHOOLS (INDMTY SELEC),Y,Hopi Tribe,18N,13E,24,ALL,640,18N - 13E - 24
144955,Coconino,PERM COMMON SCHOOLS (INDMTY SELEC),Y,Hopi Tribe,18N,15E,30,NE S2NW S2 LY SELY FROM C/L OF STATE HIGHWAY 87,468.84,18N - 15E - 30
144956,Coconino,PERM COMMON SCHOOLS (INDMTY SELEC),Y,Hopi Tribe,18N,13E,28,E2 E2SW SWSW AND E2NW SWNW NWSW LY SELY OF FENCE,544,18N - 13E - 28
144959,Coconino,PERM COMMON SCHOOLS (INDMTY SELEC),Y,Hopi Tribe,18N,14E,26,ALL,640,18N - 14E - 26
144960,Coconino,PERM COMMON SCHOOLS (INDMTY SELEC),Y,Hopi Tribe,18N,13E,26,ALL,640,18N - 13E - 26
144961,Coconino,PERM COMMON SCHOOLS (INDMTY SELEC),Y,Hopi Tribe,18N,14E,30,ALL,640,18N - 14E - 30
144964,Coconino,PERM COMMON SCHOOLS (INDMTY SELEC),Y,Hopi Tribe,18N,14E,28,ALL,640,18N - 14E - 28
144965,Coconino,PERM COMMON SCHOOLS (INDMTY SELEC),Y,Hopi Tribe,19N,11E,20,SESW S2SE,120,19N - 11E - 20
144966,Coconino,PERM COMMON SCHOOLS (INDMTY SELEC),Y,Hopi Tribe,19N,14E,34,ALL,640,19N - 14E - 34
144971,Coconino,PERM COMMON SCHOOLS (INDMTY SELEC),Y,Arizona Game and Fish Commission,19N,11E,26,ALL,640,19N - 11E - 26
144972,Coconino,PERM COMMON SCHOOLS (INDMTY SELEC),Y,Hopi Tribe,19N,11E,28,N2 SW NW2SE,560,19N - 11E - 28
144974,Coconino,PERM COMMON SCHOOLS (INDMTY SELEC),Y,Hopi Tribe,17N,14E,4,N2 SW AND SE LY NWLY FROM C/L OF STATE HIGHWAY 87,574.72,17N - 14E - 4
144975,Coconino,PERM COMMON SCHOOLS (INDMTY SELEC),Y,Hopi Tribe,17N,13E,6,LOTS 3 4 E2 SENW E2SW LY SELY OF FENCE,396.52,17N - 13E - 6
144976,Coconino,PERM COMMON SCHOOLS (INDMTY SELEC),Y,Hopi Tribe,17N,13E,4,ALL,640,17N - 13E - 4
144979,Coconino,PERM COMMON SCHOOLS (INDMTY SELEC),Y,Hopi Tribe,17N,15E,8,ALL,640,17N - 15E - 8
144980,Coconino,PERM COMMON SCHOOLS (INDMTY SELEC),Y,Hopi Tribe,17N,14E,10,ALL,640,17N - 14E - 10
144981,Coconino,PERM COMMON SCHOOLS (INDMTY SELEC),Y,Hopi Tribe,17N,14E,12,ALL,640,17N - 14E - 12
144982,Coconino,PERM COMMON SCHOOLS (INDMTY SELEC),Y,Hopi Tribe,17N,14E,8,N2 SW N2SE LY NWLY FROM C/L OF STATE HIGHWAY 87,459.04,17N - 14E - 8
144983,Coconino,PERM COMMON SCHOOLS (INDMTY SELEC),Y,Hopi Tribe,17N,13E,12,ALL,640,17N - 13E - 12
144986,Coconino,PERM COMMON SCHOOLS (INDMTY SELEC),Y,Hopi Tribe,17N,13E,8,ALL,640,17N - 13E - 8
144987,Coconino,PERM COMMON SCHOOLS (INDMTY SELEC),Y,Hopi Tribe,17N,13E,10,ALL,640,17N - 13E - 10
144989,Coconino,PERM COMMON SCHOOLS (INDMTY SELEC),Y,Hopi Tribe,17N,13E,30,LOTS 1 THRU 4 E2W2 E2,664.52,17N - 13E - 30
144990,Coconino,PERM COMMON SCHOOLS (INDMTY SELEC),Y,Hopi Tribe,17N,14E,34,LOTS 1 THRU 4 N2 N2S2,586.59,17N - 14E - 34
144993,Coconino,PERM COMMON SCHOOLS (INDMTY SELEC),Y,Hopi Tribe,17N,15E,18,LOTS 1 THRU 4 E2W2 E2,641.8,17N - 15E - 18
144994,Coconino,PERM COMMON SCHOOLS (INDMTY SELEC),Y,Hopi Tribe,17N,14E,14,ALL,640,17N - 14E - 14
144996,Coconino,PERM COMMON SCHOOLS (INDMTY SELEC),Y,Hopi Tribe,17N,13E,18,LOTS 1 THRU 4 E2W2 E2,664.76,17N - 13E - 18
145000,Coconino,PERM COMMON SCHOOLS (INDMTY SELEC),Y,Hopi Tribe,17N,13E,14,ALL,640,17N - 13E - 14
145001,Coconino,PERM COMMON SCHOOLS (INDMTY SELEC),Y,Hopi Tribe,17N,14E,18,NE SESESESESENW S2 LY SELY FROM C/L OF STATE HIGHWAY 87,327.29,17N - 14E - 18
145002,Coconino,PERM COMMON SCHOOLS (INDMTY SELEC),Y,Hopi Tribe,17N,13E,24,NE SENW S2 LY SELY FROM C/L OF STATE HIGHWAY 87,408.37,17N - 13E - 24
145003,Coconino,PERM COMMON SCHOOLS (INDMTY SELEC),Y,Hopi Tribe,17N,14E,20,ALL,640,17N - 14E - 20
145004,Coconino,PERM COMMON SCHOOLS (INDMTY SELEC),Y,Hopi Tribe,17N,15E,20,ALL,640,17N - 15E - 20
145005,Coconino,PERM COMMON SCHOOLS (INDMTY SELEC),Y,Hopi Tribe,17N,13E,22,ALL,640,17N - 13E - 22
145006,Coconino,PERM COMMON SCHOOLS (INDMTY SELEC),Y,Hopi Tribe,17N,14E,22,ALL,640,17N - 14E - 22
145007,Coconino,PERM COMMON SCHOOLS (INDMTY SELEC),Y,Hopi Tribe,17N,14E,24,ALL,640,17N - 14E - 24
145008,Coconino,PERM COMMON SCHOOLS (INDMTY SELEC),Y,Hopi Tribe,17N,13E,20,ALL,640,17N - 13E - 20
145012,Coconino,PERM COMMON SCHOOLS (INDMTY SELEC),Y,Hopi Tribe,17N,15E,28,W2NW SENW SW W2SE AND NE NENW E2SE LY N W OF CLEAR CREEK CANYON W OF COUNTY LINE IN E2NENE,473.21,17N - 15E - 28
145013,Coconino,PERM COMMON SCHOOLS (INDMTY SELEC),Y,Hopi Tribe,17N,14E,28,ALL,640,17N - 14E - 28
145014,Coconino,PERM COMMON SCHOOLS (INDMTY SELEC),Y,Hopi Tribe,17N,14E,30,LOTS 1 THRU 4 E2 E2W2 EX 1.00AC TV TOWER SITE LY IN E2E2NESW,641.92,17N - 14E - 30
145015,Coconino,PERM COMMON SCHOOLS (INDMTY SELEC),Y,Hopi Tribe,17N,13E,26,NE SENW S2 LY SELY FROM C/L OF STATE HIGHWAY 87,386.39,17N - 13E - 26
145016,Coconino,PERM COMMON SCHOOLS (INDMTY SELEC),Y,Hopi Tribe,17N,15E,30,LOTS 1 THRU 4 E2W2 E2,642.56,17N - 15E - 30
145017,Coconino,PERM COMMON SCHOOLS (INDMTY SELEC),Y,Hopi Tribe,17N,14E,26,ALL,640,17N - 14E - 26
145018,Coconino,PERM COMMON SCHOOLS (INDMTY SELEC),Y,Hopi Tribe,17N,13E,28,ALL,640,17N - 13E - 28
145024,Coconino,PERM COMMON SCHOOLS (INDMTY SELEC),Y,Hopi Tribe,17N,15E,4,W2E2E2 W2E2 W2 AND E2E2E2 LY W OF COUNTY LINE,594.46,17N - 15E - 4
145026,Coconino,PERM COMMON SCHOOLS (INDMTY SELEC),Y,Hopi Tribe,17N,14E,6,LOTS 1 THRU 4 E2W2 E2,640.36,17N - 14E - 6
145027,Coconino,PERM COMMON SCHOOLS (INDMTY SELEC),Y,Hopi Tribe,17N,15E,6,LOTS 1 THRU 4 E2W2 E2,640.4,17N - 15E - 6
145030,Coconino,PERM COMMON SCHOOLS (INDMTY SELEC),Y,Hopi Tribe,16N,15E,8,ALL,640,16N - 15E - 8
145032,Coconino,PERM COMMON SCHOOLS (INDMTY SELEC),Y,Hopi Tribe,16N,15E,18,LOT 1,49.5,16N - 15E - 18
145036,Coconino,PERM COMMON SCHOOLS (INDMTY SELEC),Y,Hopi Tribe,16N,15E,20,ALL,640,16N - 15E - 20
145039,Coconino,PERM COMMON SCHOOLS (INDMTY SELEC),Y,Hopi Tribe,16N,15E,30,LOTS 1 THRU 4 E2W2 E2,679.64,16N - 15E - 30
145040,Coconino,PERM COMMON SCHOOLS (INDMTY SELEC),Y,Hopi Tribe,16N,15E,28,ALL,640,16N - 15E - 28
145043,Coconino,PERM COMMON SCHOOLS (INDMTY SELEC),Y,Hopi Tribe,16N,15E,4,LOTS 1 THRU 20 S2,1112.08,16N - 15E - 4
145044,Coconino,PERM COMMON SCHOOLS (INDMTY SELEC),Y,Hopi Tribe,16N,15E,6,LOTS 1 THRU 15 18 THRU 22 NESW NWSESW N2NWNWSE LY NWLY OF CLEAR CREEK CANYON,672.1,16N - 15E - 6
145047,Coconino,PERM COMMON SCHOOLS (INDMTY SELEC),Y,Hopi Tribe,15N,15E,8,ALL,640,15N - 15E - 8
145053,Coconino,PERM COMMON SCHOOLS (INDMTY SELEC),Y,Hopi Tribe,15N,15E,10,W2W2W2W2 LY W OF COUNTY LINE,31.65,15N - 15E - 10
145054,Coconino,PERM COMMON SCHOOLS (INDMTY SELEC),Y,Hopi Tribe,20N,11E,4,LOTS 1 THRU 4 7 8 AND LOTS 5 6 9 10 11 N2NENESE LY N OF CONDEMNATION 95-98643,373.23,20N - 11E - 4
145055,Coconino,PERM COMMON SCHOOLS (INDMTY SELEC),Y,Hopi Tribe,20N,11E,12,NE N2NW AND S2NW NESW SE LY N OF CONDEMNATION 95-98643,414.66,20N - 11E - 12
145056,Coconino,PERM COMMON SCHOOLS (INDMTY SELEC),Y,Hopi Tribe,20N,11E,12,SWSW AND SWSWNW N2SW SE LY S OF CONDEMNATION 95-98643,149.33,20N - 11E - 12
145059,Coconino,PERM COMMON SCHOOLS (INDMTY SELEC),Y,Hopi Tribe,20N,12E,18,LOT 1 NENW N2NE N2S2NE LY N OF CONDEMNATION 95-98643,136.2,20N - 12E - 18
145061,Coconino,PERM COMMON SCHOOLS (INDMTY SELEC),Y,Hopi Tribe,16N,15E,34,W2W2W2W2 LY W OF COUNTY LINE,28.27,16N - 15E - 34
145062,Coconino,PERM COMMON SCHOOLS (INDMTY SELEC),Y,Hopi Tribe,16N,15E,22,W2W2W2W2 LY W OF COUNTY LINE,25.41,16N - 15E - 22
145063,Coconino,PERM COMMON SCHOOLS (INDMTY SELEC),Y,Hopi Tribe,16N,15E,10,W2W2W2W2 LY W OF COUNTY LINE,26.4,16N - 15E - 10
145065,Coconino,PERM COMMON SCHOOLS (INDMTY SELEC),Y,Hopi Tribe,16N,15E,6,LOTS 14 15 18 19 22 E2SW W2SE LY SELY OF CLEAR CREEK CANYON,274.2,16N - 15E - 6
145068,Coconino,PERM COMMON SCHOOLS (INDMTY SELEC),Y,Hopi Tribe,16N,14E,12,M&B IN W2 N OF THE MIDDLE OF THE WATERCOURSE OF CLEAR CREEK CANYON,162.7,16N - 14E - 12
145074,Coconino,PERM COMMON SCHOOLS (INDMTY SELEC),Y,Hopi Tribe,17N,13E,26,N2 SW LY NWLY FROM C/L OF STATE HIGHWAY 87,253.61,17N - 13E - 26
145075,Coconino,PERM COMMON SCHOOLS (INDMTY SELEC),Y,Hopi Tribe,17N,13E,24,N2NE NWSWNE NW NWNESW NWSW NWSWSW LY NWLY FROM C/L OF STATE HIGHWAY 87,231.63,17N - 13E - 24
145076,Coconino,PERM COMMON SCHOOLS (INDMTY SELEC),Y,Hopi Tribe,17N,14E,18,N2 N2SW SWSW LY NWLY FROM C/L OF STATE HIGHWAY 87,314.23,17N - 14E - 18
145077,Coconino,PERM COMMON SCHOOLS (INDMTY SELEC),Y,Hopi Tribe,17N,14E,8,SENE SE SESENESW SESW SESWSW LY SELY FROM C/L OF STATE HIGHWAY 87,180.96,17N - 14E - 8
145078,Coconino,PERM COMMON SCHOOLS (INDMTY SELEC),Y,Hopi Tribe,17N,14E,4,NESE S2SE LY SELY FROM C/L OF STATE HIGHWAY 87,65.28,17N - 14E - 4
145082,Coconino,PERM COMMON SCHOOLS (INDMTY SELEC),Y,Hopi Tribe,18N,15E,30,N2NE NWNWNWSWNE NW N2NWSW LY NWLY FROM C/L OF STATE HIGHWAY 87,171.16,18N - 15E - 30
145933,Coconino,SCHOOL OF MINES,Y,Hopi Tribe,16N,12E,12,SESW SE LY SELY OF JACKS CANYON,80.44,16N - 12E - 12
145934,Coconino,SCHOOL OF MINES,Y,"Bar T Bar Ranch, Inc.",16N,12E,14,ALL,640,16N - 12E - 14
145935,Coconino,SCHOOL OF MINES,Y,Ohaco Cattle Company,15N,15E,22,W2W2W2W2 LY W OF COUNTY LINE,27.79,15N - 15E - 22
145975,Coconino,UNIVERSITY,Y,Hopi Tribe,20N,12E,28,ALL,640,20N - 12E - 28
146061,Coconino,COUNTY BOND,Y,Hopi Tribe,16N,13E,8,LY E FROM C/L OF STATE HIGHWAY 87,331.82,16N - 13E - 8
146062,Coconino,COUNTY BOND,Y,Hopi Tribe,16N,13E,10,ALL,640,16N - 13E - 10
146063,Coconino,COUNTY BOND,Y,Hopi Tribe,16N,13E,12,ALL,640,16N - 13E - 12
146064,Coconino,COUNTY BOND,Y,Hopi Tribe,16N,13E,14,ALL,640,16N - 13E - 14
146065,Coconino,COUNTY BOND,Y,Hopi Tribe,16N,13E,22,ALL,640,16N - 13E - 22
146067,Coconino,COUNTY BOND,Y,Hopi Tribe,16N,13E,4,LOTS 1 7 THRU 11 14 15 16 S2 LY E FROM C/L OF STATE HIGHWAY 87,568.36,16N - 13E - 4
146069,Coconino,COUNTY BOND,Y,Hopi Tribe,15N,15E,4,S2,320,15N - 15E - 4
151561,Navajo,PERM COMMON SCHOOLS,Y,Hopi Tribe,18N,16E,36,ALL,640,18N - 16E - 36
151562,Navajo,PERM COMMON SCHOOLS,Y,Hopi Tribe,18N,17E,32,ALL,640,18N - 17E - 32
151563,Navajo,PERM COMMON SCHOOLS,Y,Hopi Tribe,18N,16E,32,ALL,640,18N - 16E - 32
151569,Navajo,PERM COMMON SCHOOLS,Y,Hopi Tribe,18N,17E,16,ALL,640,18N - 17E - 16
151588,Navajo,PERM COMMON SCHOOLS,Y,Hopi Tribe,17N,16E,32,ALL,640,17N - 16E - 32
151589,Navajo,PERM COMMON SCHOOLS,Y,Hopi Tribe,17N,15E,36,LOTS 1 THRU 4 N2S2 N2,598.24,17N - 15E - 36
151595,Navajo,PERM COMMON SCHOOLS,Y,Hopi Tribe,17N,17E,16,ALL,640,17N - 17E - 16
151596,Navajo,PERM COMMON SCHOOLS,Y,Hopi Tribe,17N,16E,16,ALL,640,17N - 16E - 16
151597,Navajo,PERM COMMON SCHOOLS,Y,Hopi Tribe,18N,15E,36,LOTS 2 3 4 SESESWNE S2NW SW W2SE LY SLY OF CLEAR CREEK CANYON,320,18N - 15E - 36
151602,Navajo,PERM COMMON SCHOOLS,Y,Hopi Tribe,17N,16E,2,LOTS 1 THRU 4 S2N2 S2,599.44,17N - 16E - 2
151620,Navajo,PERM COMMON SCHOOLS,Y,Hopi Tribe,16N,15E,36,ALL,640,16N - 15E - 36
151626,Navajo,PERM COMMON SCHOOLS,Y,Hopi Tribe,16N,15E,2,LOTS 1 THRU 20 S2,1111.56,16N - 15E - 2
151660,Navajo,PERM COMMON SCHOOLS,Y,Hopi Tribe,15N,15E,2,LOTS 1 THRU 4 S2N2 S2,641.4,15N - 15E - 2
151697,Navajo,PERM COMMON SCHOOLS,Y,Hopi Tribe,16N,16E,32,M&B IN W2NE W2 W OF THE MIDDLE OF THE WATERCOURSE OF CHEVELON CANYON,291.1,16N - 16E - 32
151700,Navajo,PERM COMMON SCHOOLS,Y,Hopi Tribe,17N,15E,2,E2 NENW S2SW LY SELY OF CLEAR CREEK CANYON,250,17N - 15E - 2
151701,Navajo,PERM COMMON SCHOOLS,Y,Jake Reed Shumway and Natalie Ruth Shumway,18N,15E,36,N W CLEAR CREEK CYN,319.2,18N - 15E - 36
151895,Navajo,PERM COMMON SCHOOLS (INDMTY SELEC),Y,Jaymes and Kelly Holcomb,18N,17E,4,LOTS 1 THRU 4 S2N2 S2,638.94,18N - 17E - 4
151896,Navajo,PERM COMMON SCHOOLS (INDMTY SELEC),Y,Jaymes and Kelly Holcomb,18N,17E,6,LOTS 1 THRU 7 SENW S2NE E2SW SE,632.68,18N - 17E - 6
151901,Navajo,PERM COMMON SCHOOLS (INDMTY SELEC),Y,Hopi Tribe,18N,17E,8,S2SE SW N2N2 S2NW NWSE,520,18N - 17E - 8
151907,Navajo,PERM COMMON SCHOOLS (INDMTY SELEC),Y,Hopi Tribe,18N,16E,34,ALL,640,18N - 16E - 34
151910,Navajo,PERM COMMON SCHOOLS (INDMTY SELEC),Y,Hopi Tribe,18N,17E,18,LOTS 1 THRU 4 E2W2 E2,634.68,18N - 17E - 18
151913,Navajo,PERM COMMON SCHOOLS (INDMTY SELEC),Y,Hopi Tribe,18N,17E,22,ALL,640,18N - 17E - 22
151914,Navajo,PERM COMMON SCHOOLS (INDMTY SELEC),Y,Hopi Tribe,18N,16E,24,ALL,640,18N - 16E - 24
151915,Navajo,PERM COMMON SCHOOLS (INDMTY SELEC),Y,Hopi Tribe,18N,17E,20,ALL,640,18N - 17E - 20
151920,Navajo,PERM COMMON SCHOOLS (INDMTY SELEC),Y,Hopi Tribe,18N,17E,30,LOTS 1 THRU 4 E2W2 E2,635.38,18N - 17E - 30
151921,Navajo,PERM COMMON SCHOOLS (INDMTY SELEC),Y,Hopi Tribe,18N,17E,28,ALL,640,18N - 17E - 28
151922,Navajo,PERM COMMON SCHOOLS (INDMTY SELEC),Y,Hopi Tribe,18N,16E,28,ALL,640,18N - 16E - 28
151923,Navajo,PERM COMMON SCHOOLS (INDMTY SELEC),Y,Hopi Tribe,18N,16E,26,ALL,640,18N - 16E - 26
151929,Navajo,PERM COMMON SCHOOLS (INDMTY SELEC),Y,Hopi Tribe,17N,17E,8,ALL,640,17N - 17E - 8
151930,Navajo,PERM COMMON SCHOOLS (INDMTY SELEC),Y,Hopi Tribe,17N,16E,12,LOTS 1 THRU 4 W2E2 W2,673.76,17N - 16E - 12
151931,Navajo,PERM COMMON SCHOOLS (INDMTY SELEC),Y,Hopi Tribe,17N,16E,10,ALL,640,17N - 16E - 10
151932,Navajo,PERM COMMON SCHOOLS (INDMTY SELEC),Y,Hopi Tribe,17N,16E,8,ALL,640,17N - 16E - 8
151933,Navajo,PERM COMMON SCHOOLS (INDMTY SELEC),Y,Hopi Tribe,17N,15E,12,ALL,640,17N - 15E - 12
151934,Navajo,PERM COMMON SCHOOLS (INDMTY SELEC),Y,Hopi Tribe,17N,15E,10,W2 N2NE W2SWNE W2SE LY NWLY OF CLEAR CREEK CANYON,320,17N - 15E - 10
151936,Navajo,PERM COMMON SCHOOLS (INDMTY SELEC),Y,Hopi Tribe,17N,16E,34,W2 NW2E2,480,17N - 16E - 34
151937,Navajo,PERM COMMON SCHOOLS (INDMTY SELEC),Y,Hopi Tribe,17N,15E,34,LOTS 1 THRU  4 N2S2 N2,594.2,17N - 15E - 34
151938,Navajo,PERM COMMON SCHOOLS (INDMTY SELEC),Y,Hopi Tribe,17N,17E,18,LOTS 1 THRU 4 E2W2 E2,643.84,17N - 17E - 18
151939,Navajo,PERM COMMON SCHOOLS (INDMTY SELEC),Y,Hopi Tribe,17N,16E,14,ALL,640,17N - 16E - 14
151940,Navajo,PERM COMMON SCHOOLS (INDMTY SELEC),Y,Hopi Tribe,17N,16E,18,ALL,640,17N - 16E - 18
151941,Navajo,PERM COMMON SCHOOLS (INDMTY SELEC),Y,Hopi Tribe,17N,15E,14,ALL,640,17N - 15E - 14
151944,Navajo,PERM COMMON SCHOOLS (INDMTY SELEC),Y,Hopi Tribe,17N,16E,22,ALL,640,17N - 16E - 22
151945,Navajo,PERM COMMON SCHOOLS (INDMTY SELEC),Y,Hopi Tribe,17N,16E,20,ALL,640,17N - 16E - 20
151946,Navajo,PERM COMMON SCHOOLS (INDMTY SELEC),Y,Hopi Tribe,17N,15E,24,ALL,640,17N - 15E - 24
151950,Navajo,PERM COMMON SCHOOLS (INDMTY SELEC),Y,Hopi Tribe,17N,16E,28,ALL,640,17N - 16E - 28
151951,Navajo,PERM COMMON SCHOOLS (INDMTY SELEC),Y,Hopi Tribe,17N,16E,30,ALL,640,17N - 16E - 30
151952,Navajo,PERM COMMON SCHOOLS (INDMTY SELEC),Y,Hopi Tribe,17N,15E,26,ALL,640,17N - 15E - 26
151953,Navajo,PERM COMMON SCHOOLS (INDMTY SELEC),Y,Hopi Tribe,17N,17E,4,LOTS 1 THRU 4 S2N2 S2,629.05,17N - 17E - 4
151954,Navajo,PERM COMMON SCHOOLS (INDMTY SELEC),Y,Hopi Tribe,17N,16E,6,LOTS 1 THRU 4 S2N2 S2,622.68,17N - 16E - 6
151955,Navajo,PERM COMMON SCHOOLS (INDMTY SELEC),Y,Hopi Tribe,17N,17E,6,LOTS 1 THRU 7 SENW E2SW S2NE SE,630.28,17N - 17E - 6
151957,Navajo,PERM COMMON SCHOOLS (INDMTY SELEC),Y,Hopi Tribe,16N,16E,8,ALL,640,16N - 16E - 8
151958,Navajo,PERM COMMON SCHOOLS (INDMTY SELEC),Y,Hopi Tribe,16N,15E,12,ALL,640,16N - 15E - 12
151959,Navajo,PERM COMMON SCHOOLS (INDMTY SELEC),Y,Hopi Tribe,16N,15E,10,E2 E2W2 E2W2W2 AND E2W2W2W2 LY E OF COUNTY LINE,613.6,16N - 15E - 10
151962,Navajo,PERM COMMON SCHOOLS (INDMTY SELEC),Y,Hopi Tribe,16N,16E,18,ALL,640,16N - 16E - 18
151963,Navajo,PERM COMMON SCHOOLS (INDMTY SELEC),Y,Hopi Tribe,16N,15E,14,ALL,640,16N - 15E - 14
151966,Navajo,PERM COMMON SCHOOLS (INDMTY SELEC),Y,Hopi Tribe,16N,15E,24,ALL,640,16N - 15E - 24
151967,Navajo,PERM COMMON SCHOOLS (INDMTY SELEC),Y,Hopi Tribe,16N,15E,22,E2 E2W2 E2W2W2 AND E2W2W2W2 LY E OF COUNTY LINE,614.59,16N - 15E - 22
151968,Navajo,PERM COMMON SCHOOLS (INDMTY SELEC),Y,Hopi Tribe,16N,16E,30,ALL,640,16N - 16E - 30
151969,Navajo,PERM COMMON SCHOOLS (INDMTY SELEC),Y,Hopi Tribe,16N,15E,26,ALL,640,16N - 15E - 26
151971,Navajo,PERM COMMON SCHOOLS (INDMTY SELEC),Y,Hopi Tribe,16N,16E,6,LOTS 1 THRU 16 S2,877.14,16N - 16E - 6
151972,Navajo,PERM COMMON SCHOOLS (INDMTY SELEC),Y,Hopi Tribe,16N,16E,4,LOTS 1 THRU 16 S2,874.92,16N - 16E - 4
151976,Navajo,PERM COMMON SCHOOLS (INDMTY SELEC),Y,Hopi Tribe,15N,15E,10,E2 E2W2 E2W2W2 AND E2W2W2W2 LY E OF COUNTY LINE,608.35,15N - 15E - 10
151995,Navajo,PERM COMMON SCHOOLS (INDMTY SELEC),Y,Hopi Tribe,16N,15E,34,E2 E2W2 E2W2W2 AND E2W2W2W2 LY E OF COUNTY LINE,611.73,16N - 15E - 34
152036,Navajo,PERM COMMON SCHOOLS (INDMTY SELEC),Y,Hopi Tribe,17N,15E,28,E2NENE LY N OF CLEAR CREEK CANYON E OF COUNTY LINE,6.79,17N - 15E - 28
152037,Navajo,PERM COMMON SCHOOLS (INDMTY SELEC),Y,Hopi Tribe,17N,15E,28,E2E2E2 LY S OF CLEAR CREEK CANYON AND E OF COUNTY LINE,38.07,17N - 15E - 28
152039,Navajo,PERM COMMON SCHOOLS (INDMTY SELEC),Y,Hopi Tribe,17N,15E,10,E2 E2SESW LY SELY OF CLEAR CREEK CANYON,320,17N - 15E - 10
152152,Navajo,SCHOOL OF MINES,Y,7B Livestock South LLC,15N,15E,12,M&B IN E2 S AND E OF THE MIDDLE OF THE WATERCOURSE OF CHEVELON CANYON,259.51,15N - 15E - 12
152153,Navajo,SCHOOL OF MINES,Y,Hopi Tribe,15N,15E,12,M&B IN N2NE N OF THE MIDDLE OF THE WATERCOURSE OF CHEVELON CANYON,10.97,15N - 15E - 12
152154,Navajo,SCHOOL OF MINES,Y,Hopi Tribe,15N,15E,12,M&B IN E2 W OF THE MIDDLE OF THE WATERCOURSE OF CHEVELON CANYON,49.52,15N - 15E - 12
152157,Navajo,SCHOOL OF MINES,Y,Ohaco Cattle Company,15N,15E,22,E2 E2W2 E2W2W2 AND E2W2W2W2 LY E OF COUNTY LINE,612.21,15N - 15E - 22
152160,Navajo,SCHOOL OF MINES,Y,Hopi Tribe,15N,15E,24,M&B IN NWNW N AND W OF THE MIDDLE OF THE WATERCOURSE OF CHEVELON CANYON,10.46,15N - 15E - 24
144247,Coconino,PERM COMMON SCHOOLS,Y,Navajo Nation,27N,7W,16,LOT 1,6.26,27N - 7W - 16
144354,Coconino,PERM COMMON SCHOOLS,Y,Navajo Nation,32N,6W,36,LOTS 1 2 3 4 E2E2,276.2,32N - 6W - 36
144355,Coconino,PERM COMMON SCHOOLS,Y,Navajo Nation,29N,6W,36,LOTS 1 2 3 4 E2E2,285.04,29N - 6W - 36
144356,Coconino,PERM COMMON SCHOOLS,Y,Navajo Nation,31N,6W,36,LOTS 1 2 3 4 E2E2,277.32,31N - 6W - 36
144357,Coconino,PERM COMMON SCHOOLS,Y,Navajo Nation,30N,6W,36,LOTS 1 2 3 4 E2E2,283.08,30N - 6W - 36
144402,Coconino,PERM COMMON SCHOOLS,Y,Navajo Nation,28N,6W,32,LOTS 1 2 3 E2NE SWNE E2SW SE SWSW,534.56,28N - 6W - 32
144503,Coconino,PERM COMMON SCHOOLS,Y,Navajo Nation,27N,8W,36,LOTS 1 2 3 SESE,148.96,27N - 8W - 36
144531,Coconino,PERM COMMON SCHOOLS,Y,Navajo Nation,26N,8W,16,LOTS 1 2 3 4 SENE SE S2SW,439.58,26N - 8W - 16
144532,Coconino,PERM COMMON SCHOOLS,Y,Navajo Nation,26N,9W,36,LOTS 1 2 S2NW SW E2,621.28,26N - 9W - 36
144533,Coconino,PERM COMMON SCHOOLS,Y,Navajo Nation,26N,8W,2,LOTS 1 2 3 E2SE SWSE,235.69,26N - 8W - 2
144559,Coconino,PERM COMMON SCHOOLS,Y,Navajo Nation,25N,9W,2,LOTS 1 THRU 4 S2N2 S2,638.84,25N - 9W - 2
145114,Coconino,PERM COMMON SCHOOLS (INDMTY SELEC),Y,Navajo Nation,28N,6W,14,LOTS 1 2 3 4 S2SE NESE,260.9,28N - 6W - 14
145195,Coconino,PERM COMMON SCHOOLS (INDMTY SELEC),Y,Navajo Nation,28N,6W,12,LOTS 1 THRU 4 E2,483.79,28N - 6W - 12
145196,Coconino,PERM COMMON SCHOOLS (INDMTY SELEC),Y,Navajo Nation,28N,6W,22,LOTS 1 2 3 4 SENE SE SESW,365.44,28N - 6W - 22
145586,Coconino,PERM COMMON SCHOOLS (INDMTY SELEC),Y,Navajo Nation,28N,6W,28,LOTS 1 THRU 5 SENE SE E2SW SWSW,460.2,28N - 6W - 28
145675,Coconino,PERM COMMON SCHOOLS (INDMTY SELEC),Y,Navajo Nation,27N,7W,12,LOTS 1 NENW S2NW NE S2,625.32,27N - 7W - 12
145677,Coconino,PERM COMMON SCHOOLS (INDMTY SELEC),Y,Navajo Nation,27N,7W,14,LOT 1 NENW S2NW NE S2,639.57,27N - 7W - 14
150594,Mohave,PERM COMMON SCHOOLS,N,,23N,13W,2,LOTS 1 THRU 3 S2NE SENW E2SW SWSW SE AND LOT 4 SWNW NWSW LY ELY OF PAT 620 EX M&B IN SWNW,611.3,23N - 13W - 2
151239,Mohave,PERM COMMON SCHOOLS (INDMTY SELEC),Y,Francis Creek Ranch LLC,18N,13W,26,LOT 1 S2NE NW E2SE,340,18N - 13W - 26
144416,Coconino,PERM COMMON SCHOOLS,Y,Button Cattle Co,40N,2W,32,NW S2,480,40N - 2W - 32
144779,Coconino,PERM COMMON SCHOOLS (INDMTY SELEC),Y,Clairmont A. Griffiths Jr,41N,2W,31,E2NE SE PT OF LOTS 3 4 W2NE E2W2 E2NW NESW,413.1,41N - 2W - 31
150371,Mohave,PERM COMMON SCHOOLS,Y,Estate of Fred E Heaton,40N,3W,32,ALL,640,40N - 3W - 32
150372,Mohave,PERM COMMON SCHOOLS,Y,Alan B Heaton,40N,4W,32,M&B NE S2 NW EX SENW,318,40N - 4W - 32
150373,Mohave,PERM COMMON SCHOOLS,Y,David O. Johnson,40N,4W,36,ALL,640,40N - 4W - 36
150382,Mohave,PERM COMMON SCHOOLS,Y,Derk F Iverson,40N,5W,36,ALL,640,40N - 5W - 36
150670,Mohave,PERM COMMON SCHOOLS (INDMTY SELEC),N,,41N,2W,19,LOTS 3 4,79.22,41N - 2W - 19
150672,Mohave,PERM COMMON SCHOOLS (INDMTY SELEC),Y,Clairmont A. Griffiths Jr,41N,2W,30,L4 SESW M&B IN SWSE,102.86,41N - 2W - 30
150673,Mohave,PERM COMMON SCHOOLS (INDMTY SELEC),Y,James F. Mace and Jodie S. Petersen,41N,2W,6,LOT 7 E2SW W2SE SESE M&B IN NESE,274.04,41N - 2W - 6
150674,Mohave,PERM COMMON SCHOOLS (INDMTY SELEC),Y,Clairmont A. Griffiths Jr,41N,2W,31,LOTS 1 2 PT OF LOTS 3 4 W2NE E2W2,226.62,41N - 2W - 31
150686,Mohave,PERM COMMON SCHOOLS (INDMTY SELEC),Y,TED JENSEN,41N,2W,19,L1 W2NWNENE NENWNE W2NWNE W2SENWNE NENW,119.48,41N - 2W - 19
150832,Mohave,PERM COMMON SCHOOLS (INDMTY SELEC),Y,TED JENSEN,41N,2W,18,LOTS 1 THRU 4 N2NE E2W2 SE,557.44,41N - 2W - 18
150895,Mohave,PERM COMMON SCHOOLS (INDMTY SELEC),Y,Estate of Fred E Heaton,40N,4W,34,W2NW,80,40N - 4W - 34
150902,Mohave,PERM COMMON SCHOOLS (INDMTY SELEC),Y,Landell Heaton Et Al,40N,5W,35,N2NW SENW NESW,160,40N - 5W - 35
151166,Mohave,PERM COMMON SCHOOLS (INDMTY SELEC),Y,James F. Mace and Jodie S. Petersen,41N,2W,7,LOT 1 N2NE NENW,159.08,41N - 2W - 7
151167,Mohave,PERM COMMON SCHOOLS (INDMTY SELEC),Y,TED JENSEN,41N,2W,7,LOTS 3-4 E2SW SE LESS PAT #6327,313.42,41N - 2W - 7
151171,Mohave,PERM COMMON SCHOOLS (INDMTY SELEC),Y,Estate of Fred E Heaton,40N,4W,34,NE N2SE,240,40N - 4W - 34
151175,Mohave,PERM COMMON SCHOOLS (INDMTY SELEC),Y,Estate of Fred E Heaton,40N,4W,35,W2NE NW N2SW NWSE,360,40N - 4W - 35
151177,Mohave,PERM COMMON SCHOOLS (INDMTY SELEC),Y,David O. Johnson,40N,4W,35,E2E2,160,40N - 4W - 35
154603,Pinal,MINERS HSPTL-DISABLED MINERS,Y,Thomas M. Dugan Jr.,5S,4E,27,LOTS 1 AND 2,49.14,5S - 4E - 27
154610,Pinal,MINERS HSPTL-DISABLED MINERS,Y,Thomas M. Dugan Jr.,5S,4E,22,SE,160,5S - 4E - 22
154856,Pinal,PERM COMMON SCHOOLS,Y,EDWARD C PRATT FAMILY TRUST B,5S,3E,16,ALL,640,5S - 3E - 16
156762,Pinal,SCHOOL OF MINES,Y,Timothy S. Dugan,5S,4E,28,NESW NESWSW SESW SE E 13.75 AC OF LOT 1 SESWSW LY E OF GREENE CANAL,265,5S - 4E - 28
157036,Pinal,COUNTY BOND,Y,Arie H. Dejong Family Trust,4S,2E,26,NE,160,4S - 2E - 26
149562,Maricopa,PERM COMMON SCHOOLS (INDMTY SELEC),Y,NAMMO TALLEY INC,2N,6E,23,M&B IN LOTS 25 26 AND 29 SESW SE,121.64,2N - 6E - 23
149564,Maricopa,PERM COMMON SCHOOLS (INDMTY SELEC),N,,1N,4E,13,M&B IN NWNW,34,1N - 4E - 13
146141,Gila,PENITENTIARY LAND FUND,Y,Arizona Department of Corrections,1N,16E,19,LOT 1 EX W 660FT AND LOTS 2 THRU 4 PMJI,118.49,1N - 16E - 19
146172,Gila,PERM COMMON SCHOOLS (INDMTY SELEC),Y,Rafter O Land & Cattle LLC,1N,16E,8,LOT 1,15.89,1N - 16E - 8
146173,Gila,PERM COMMON SCHOOLS (INDMTY SELEC),Y,Rafter O Land & Cattle LLC,1N,16E,7,LOTS 1 2 NE E2W2,391.79,1N - 16E - 7
146242,Gila,PERM COMMON SCHOOLS (INDMTY SELEC),N,,4S,16E,15,N2 EX SENE SESESENENE LY ELY OF PINAL COUNTY FOR SCIR,294.29,4S - 16E - 15
146250,Gila,PERM COMMON SCHOOLS (INDMTY SELEC),Y,Estate of Olive Harrington,1N,16E,31,LOTS 1 THRU 4 W2W2,272.76,1N - 16E - 31
146394,Graham,PERM COMMON SCHOOLS,N,,3S,25E,32,L3,25.98,3S - 25E - 32
146401,Graham,PERM COMMON SCHOOLS,Y,Byner Cattle Company,4S,26E,32,LOTS 1 THRU 4 SWSE SW,321.89,4S - 26E - 32
146478,Graham,PERM COMMON SCHOOLS,Y,KK Cattle Co. LLC,6S,22E,36,ALL EX SCIR IN NENWNWNW,639.98,6S - 22E - 36
146544,Graham,PERM COMMON SCHOOLS (INDMTY SELEC),Y,Ruskin R. Lines Sr. et al,4S,28E,17,PT LOT 4,1.61,4S - 28E - 17
146603,Graham,PERM COMMON SCHOOLS (INDMTY SELEC),Y,Byner Cattle Company,4S,25E,4,LOTS 1 THRU 4 S2N2 S2 SELY OF FENCE,567.13,4S - 25E - 4
146606,Graham,PERM COMMON SCHOOLS (INDMTY SELEC),Y,Byner Cattle Company,4S,26E,30,LOT 1,5.13,4S - 26E - 30
146609,Graham,PERM COMMON SCHOOLS (INDMTY SELEC),Y,Byner Cattle Company,4S,25E,15,LOTS 1 THRU 4 SWSE W2,524.74,4S - 25E - 15
146611,Graham,PERM COMMON SCHOOLS (INDMTY SELEC),Y,Byner Cattle Company,4S,25E,13,LOT 1,19.66,4S - 25E - 13
146612,Graham,PERM COMMON SCHOOLS (INDMTY SELEC),Y,Ruskin R. Lines Sr. et al,4S,28E,20,LOTS 2 THRU 4 E2SW W2SE PT LOT 1 W2NE SWSENE E2SE,338.4,4S - 28E - 20
146613,Graham,PERM COMMON SCHOOLS (INDMTY SELEC),Y,Byner Cattle Company,4S,25E,14,LOT 1,3.87,4S - 25E - 14
146614,Graham,PERM COMMON SCHOOLS (INDMTY SELEC),Y,Byner Cattle Company,4S,25E,23,LOTS 1 THRU 5 S2,459.07,4S - 25E - 23
146615,Graham,PERM COMMON SCHOOLS (INDMTY SELEC),Y,Byner Cattle Company,4S,25E,22,LOTS 1 2 W2NE SE W2,633.9,4S - 25E - 22
146618,Graham,PERM COMMON SCHOOLS (INDMTY SELEC),Y,Byner Cattle Company,4S,25E,25,LOTS 1 THRU 6 W2SW SESW,327.84,4S - 25E - 25
146645,Graham,PERM COMMON SCHOOLS (INDMTY SELEC),Y,Byner Cattle Company,4S,26E,31,LOTS 1 THRU 10 S2SE E2SW SENW,532.33,4S - 26E - 31
146651,Graham,PERM COMMON SCHOOLS (INDMTY SELEC),Y,Byner Cattle Company,4S,25E,3,LOTS 1 THRU 5 SWNW NWSW,243.98,4S - 25E - 3
146652,Graham,PERM COMMON SCHOOLS (INDMTY SELEC),Y,Byner Cattle Company,4S,25E,10,LOTS 1 THRU 4 W2SW SESW,255.8,4S - 25E - 10
147614,Greenlee,PERM COMMON SCHOOLS (INDMTY SELEC),Y,Ruskin R. Lines Sr. et al,4S,28E,8,LOTS 1 THRU 4 E2,356.84,4S - 28E - 8
147617,Greenlee,PERM COMMON SCHOOLS (INDMTY SELEC),Y,Ruskin R. Lines Sr. et al,4S,28E,17,LOTS 1 THRU 3 E2 PT LOT 4,352.56,4S - 28E - 17
154855,Pinal,PERM COMMON SCHOOLS,Y,Asarco LLC,5S,16E,16,PART LYING W 1975 S C IND RES BDY,591.46,5S - 16E - 16
155705,Pinal,PERM COMMON SCHOOLS (INDMTY SELEC),Y,Peoples Properties LLC,6S,16E,20,W2NW SW,240,6S - 16E - 20
155706,Pinal,PERM COMMON SCHOOLS (INDMTY SELEC),Y,PORTER HOUSE STATION LLC,6S,17E,8,S2SW,80,6S - 17E - 8
155714,Pinal,PERM COMMON SCHOOLS (INDMTY SELEC),Y,PORTER HOUSE STATION LLC,6S,17E,7,SESE,40,6S - 17E - 7
155897,Pinal,PERM COMMON SCHOOLS (INDMTY SELEC),Y,PORTER HOUSE STATION LLC,6S,17E,18,LOTS 3 & 4 E2 SENW E2SW M&B IN LOTS 1 2 NENW,627.68,6S - 17E - 18
156158,Pinal,PERM COMMON SCHOOLS (INDMTY SELEC),Y,Wheeler & Helen Reece & Kaycee Reece Jones,6S,16E,9,E2 E2W2 W2NW,560,6S - 16E - 9
152614,Pima,PERM COMMON SCHOOLS,Y,K.Q. Ranches L.L.C.,16S,12E,32,E2 NW,480,16S - 12E - 32
152615,Pima,PERM COMMON SCHOOLS,N,,16S,12E,36,LOTS 1 2 3 N2NE NENW M&B IN NW,202.68,16S - 12E - 36
152616,Pima,PERM COMMON SCHOOLS,N,,16S,12E,36,M&B IN NWNWNW,4.95,16S - 12E - 36
152621,Pima,PERM COMMON SCHOOLS,Y,K.Q. Ranches L.L.C.,16S,11E,36,LOTS 1 THRU 4 S2N2,334.13,16S - 11E - 36
148365,Maricopa,PERM COMMON SCHOOLS,N,,9S,1E,16,ALL,640,9S - 1E - 16
152316,Pima,"LEGISLATIVE, EXEC, JUD BLDG",Y,John F. King & Son Inc,17S,8E,31,LOTS 3 4 E2SW SE,314.72,17S - 8E - 31
152340,Pima,"LEGISLATIVE, EXEC, JUD BLDG",Y,John F. King & Son Inc,17S,8E,30,E2NE SWNE,120,17S - 8E - 30
152341,Pima,"LEGISLATIVE, EXEC, JUD BLDG",Y,John F. King & Son Inc,17S,8E,28,ALL,640,17S - 8E - 28
152343,Pima,"LEGISLATIVE, EXEC, JUD BLDG",Y,John F. King & Son Inc,17S,8E,29,ALL,640,17S - 8E - 29
152387,Pima,MINERS HSPTL-DISABLED MINERS,Y,PASCUA YAQUI TRIBE LAND OFFICE,14S,10E,34,LOTS 4 THRU 9 W2NW,355,14S - 10E - 34
152398,Pima,MINERS HSPTL-DISABLED MINERS,Y,Santa Margarita Ranch Inc.,19S,7E,26,LOTS 3 4 SESW N2SE SWSE,229.8,19S - 7E - 26
152399,Pima,MINERS HSPTL-DISABLED MINERS,Y,William R. Humphreys,19S,7E,26,L 1 2 E2NE,176.55,19S - 7E - 26
152458,Pima,NORMAL SCHOOL,Y,Santa Margarita Ranch Inc.,20S,7E,21,LOTS 6 7,57.62,20S - 7E - 21
152460,Pima,NORMAL SCHOOL,Y,Santa Margarita Ranch Inc.,20S,7E,28,LOTS 1 2 3 NENW S2SW,205.17,20S - 7E - 28
152461,Pima,NORMAL SCHOOL,Y,Santa Margarita Ranch Inc.,20S,7E,29,LOT 2,10.71,20S - 7E - 29
152487,Pima,NORMAL SCHOOL,Y,Santa Margarita Ranch Inc.,20S,7E,33,LOTS 1 2 3 N2NW SENW,254.4,20S - 7E - 33
152492,Pima,NORMAL SCHOOL,Y,Santa Margarita Ranch Inc.,20S,7E,29,LOT 1,0.91,20S - 7E - 29
152538,Pima,PERM COMMON SCHOOLS,Y,James B. Rasmussen,14S,5W,2,LOT 1 SENE,80.32,14S - 5W - 2
152541,Pima,PERM COMMON SCHOOLS,Y,PASCUA YAQUI TRIBE LAND OFFICE,15S,9E,16,ALL,640,15S - 9E - 16
152543,Pima,PERM COMMON SCHOOLS,Y,PASCUA YAQUI TRIBE LAND OFFICE,14S,9E,36,ALL,640,14S - 9E - 36
152555,Pima,PERM COMMON SCHOOLS,N,,13S,5W,36,ALL,640,13S - 5W - 36
152596,Pima,PERM COMMON SCHOOLS,Y,PASCUA YAQUI TRIBE LAND OFFICE,14S,10E,32,LOTS 1 THRU 8 N2 N2S2,723.97,14S - 10E - 32
152644,Pima,PERM COMMON SCHOOLS,Y,Santa Margarita Ranch Inc.,20S,7E,32,LOT 1,36.1,20S - 7E - 32
152645,Pima,PERM COMMON SCHOOLS,Y,Santa Margarita Ranch Inc.,20S,7E,16,LOTS 1 THRU 5 NE SENW NESW NWSE E2SE,527.41,20S - 7E - 16
152673,Pima,PERM COMMON SCHOOLS,Y,Joseph Auza and Tammy Auza,12S,6E,16,ALL,640,12S - 6E - 16
152676,Pima,PERM COMMON SCHOOLS,Y,Vernon E. Kile,11S,7E,32,ALL,640,11S - 7E - 32
152783,Pima,PERM COMMON SCHOOLS,Y,John F. King & Son Inc,17S,8E,16,ALL,640,17S - 8E - 16
152808,Pima,PERM COMMON SCHOOLS,Y,Elizabeth B. Isaman,22S,7E,2,ALL,640,22S - 7E - 2
152902,Pima,PERM COMMON SCHOOLS (INDMTY SELEC),Y,PATRICK WHILLOCK,15S,9E,29,ALL,640,15S - 9E - 29
152905,Pima,PERM COMMON SCHOOLS (INDMTY SELEC),Y,PATRICK WHILLOCK,15S,9E,21,ALL,640,15S - 9E - 21
152906,Pima,PERM COMMON SCHOOLS (INDMTY SELEC),Y,PASCUA YAQUI TRIBE LAND OFFICE,15S,9E,4,NE E2NW SWNW,280,15S - 9E - 4
152907,Pima,PERM COMMON SCHOOLS (INDMTY SELEC),Y,PATRICK WHILLOCK,15S,9E,28,ALL,640,15S - 9E - 28
152913,Pima,PERM COMMON SCHOOLS (INDMTY SELEC),Y,PATRICK AND MARIA WHILLOCK ET AL,13S,9E,31,LOTS 1 TO 4 E2W2 E2,622.8,13S - 9E - 31
152927,Pima,PERM COMMON SCHOOLS (INDMTY SELEC),Y,Joseph Auza and Tammy Auza,11S,6E,30,LOTS 1 THRU 4 E2W2 E2,625.4,11S - 6E - 30
152929,Pima,PERM COMMON SCHOOLS (INDMTY SELEC),Y,Joseph Auza and Tammy Auza,11S,6E,18,LOTS 1 THRU 4,145.04,11S - 6E - 18
152931,Pima,PERM COMMON SCHOOLS (INDMTY SELEC),Y,Joseph Auza and Tammy Auza,11S,6E,19,LOTS 1 THRU 4 E2W2 E2,625.48,11S - 6E - 19
152940,Pima,PERM COMMON SCHOOLS (INDMTY SELEC),Y,PATRICK WHILLOCK,16S,9E,6,LOTS 1 THRU 18 S2NE SE,936.21,16S - 9E - 6
152943,Pima,PERM COMMON SCHOOLS (INDMTY SELEC),Y,Pima County,16S,9E,12,ALL,640,16S - 9E - 12
153363,Pima,PERM COMMON SCHOOLS (INDMTY SELEC),Y,Santa Margarita Ranch Inc.,19S,7E,34,LOTS 1 THRU 4 E2E2,315.67,19S - 7E - 34
153446,Pima,PERM COMMON SCHOOLS (INDMTY SELEC),Y,Santa Margarita Ranch Inc.,21S,7E,8,LOTS 1 4 5 8,142.53,21S - 7E - 8
153447,Pima,PERM COMMON SCHOOLS (INDMTY SELEC),Y,Santa Margarita Ranch Inc.,21S,7E,29,LOTS 1 2,71.22,21S - 7E - 29
153448,Pima,PERM COMMON SCHOOLS (INDMTY SELEC),Y,Elizabeth B. Isaman,22S,7E,3,W2 W2E2 NENE,520,22S - 7E - 3
153459,Pima,PERM COMMON SCHOOLS (INDMTY SELEC),Y,Joseph Auza and Tammy Auza,11S,6E,31,LOTS 1 THRU 4 E2W2 E2,625.2,11S - 6E - 31
153479,Pima,PERM COMMON SCHOOLS (INDMTY SELEC),Y,PATRICK WHILLOCK,15S,9E,31,LOTS 1 THRU 12 NE E2NW N2SE,752.12,15S - 9E - 31
153856,Pima,PERM COMMON SCHOOLS (INDMTY SELEC),Y,John F. King & Son Inc,17S,8E,30,LOTS 3 4 E2SW SE,315,17S - 8E - 30
153857,Pima,PERM COMMON SCHOOLS (INDMTY SELEC),Y,John F. King & Son Inc,17S,8E,31,LOTS 1 2 E2NW NE,314.84,17S - 8E - 31
153907,Pima,PERM COMMON SCHOOLS (INDMTY SELEC),Y,John F. King & Son Inc,18S,8E,19,LOTS 1 2 3 6  S2NE NW  E2SW SE,629.4,18S - 8E - 19
153962,Pima,PERM COMMON SCHOOLS (INDMTY SELEC),Y,Santa Margarita Ranch Inc.,21S,7E,5,LOT 7,11.35,21S - 7E - 5
153963,Pima,PERM COMMON SCHOOLS (INDMTY SELEC),Y,Santa Margarita Ranch Inc.,21S,7E,17,LOTS 1 4 5 8 W2NE,173.61,21S - 7E - 17
153964,Pima,PERM COMMON SCHOOLS (INDMTY SELEC),Y,Santa Margarita Ranch Inc.,21S,7E,28,LOTS 1 2 3 7 8 NE E2NW NWNW NESE,499.44,21S - 7E - 28
153965,Pima,PERM COMMON SCHOOLS (INDMTY SELEC),Y,Santa Margarita Ranch Inc.,21S,7E,20,LOTS 1 5 6 9 SWNE,183.44,21S - 7E - 20
153966,Pima,PERM COMMON SCHOOLS (INDMTY SELEC),Y,Elizabeth B. Isaman,22S,7E,15,LOT 1 E2 NW E2SW NWSW,632.64,22S - 7E - 15
153971,Pima,PERM COMMON SCHOOLS (INDMTY SELEC),Y,William R. Humphreys,19S,7E,23,L 1 2 3 SENE,144.27,19S - 7E - 23
154108,Pima,"ST CHRTBL, PENAL & REFORM INST",Y,Santa Margarita Ranch Inc.,21S,7E,5,LOT 1 SENE E2SE,155.52,21S - 7E - 5
154137,Pima,UNIVERSITY,Y,John F. King & Son Inc,17S,8E,21,ALL,640,17S - 8E - 21
154163,Pima,UNIVERSITY,Y,John F. King & Son Inc,17S,8E,30,NWNE,40,17S - 8E - 30
154184,Pima,UNIVERSITY,Y,Santa Margarita Ranch Inc.,21S,7E,4,LOTS 1 THRU 4 S2N2 S2,621.88,21S - 7E - 4
154268,Pima,COUNTY BOND,Y,Santa Margarita Ranch Inc.,20S,7E,3,LOTS 1 THRU 5 SENE NESE,247.11,20S - 7E - 3
154295,Pima,COUNTY BOND,Y,Santa Margarita Ranch Inc.,20S,7E,17,LOTS 1 2 EX M&B IN SW OF LOT 2,16.67,20S - 7E - 17
154296,Pima,COUNTY BOND,Y,Pima County,20S,7E,17,M&B IN SW OF LOT 2,1,20S - 7E - 17
154305,Pima,COUNTY BOND,Y,Santa Margarita Ranch Inc.,21S,7E,27,NW S2,480,21S - 7E - 27
154353,Pima,COUNTY BOND,Y,Santa Margarita Ranch Inc.,20S,7E,9,LOTS 1 2 3 SESE,102.56,20S - 7E - 9
154354,Pima,COUNTY BOND,Y,Santa Margarita Ranch Inc.,20S,7E,10,LOTS 2 3 NESW S2S2,267.67,20S - 7E - 10
154380,Pima,COUNTY BOND,Y,Santa Margarita Ranch Inc.,21S,7E,34,ALL,640,21S - 7E - 34
154382,Pima,COUNTY BOND,Y,Santa Margarita Ranch Inc.,21S,7E,35,W2SW,80,21S - 7E - 35
154383,Pima,COUNTY BOND,Y,Santa Margarita Ranch Inc.,21S,7E,35,E2 E2NW,400,21S - 7E - 35
154924,Pinal,PERM COMMON SCHOOLS,N,,8S,2E,32,ALL,640,8S - 2E - 32
154926,Pinal,PERM COMMON SCHOOLS,Y,Joseph Auza and Tammy Auza,8S,6E,32,ALL,640,8S - 6E - 32
154927,Pinal,PERM COMMON SCHOOLS,Y,Joseph Auza and Tammy Auza,8S,6E,16,ALL,640,8S - 6E - 16
155007,Pinal,PERM COMMON SCHOOLS,N,,7S,4E,36,LOTS 12 13 23 24 LY SELY OF DOR 93-93998,165.15,7S - 4E - 36
155032,Pinal,PERM COMMON SCHOOLS,N,,8S,3E,16,ALL,640,8S - 3E - 16
155251,Pinal,PERM COMMON SCHOOLS (INDMTY SELEC),Y,Joseph Auza and Tammy Auza,9S,6E,7,ALL,640,9S - 6E - 7
155741,Pinal,PERM COMMON SCHOOLS (INDMTY SELEC),Y,Joseph Auza and Tammy Auza,8S,6E,4,S2N2 S2 PT LOTS 1 THRU 4,633.47,8S - 6E - 4
155742,Pinal,PERM COMMON SCHOOLS (INDMTY SELEC),Y,Auza & Son Farms II Partnership,8S,6E,9,N2,320,8S - 6E - 9
155747,Pinal,PERM COMMON SCHOOLS (INDMTY SELEC),Y,Joseph Auza and Tammy Auza,9S,6E,19,ALL,640,9S - 6E - 19
156178,Pinal,PERM COMMON SCHOOLS (INDMTY SELEC),Y,Joseph Auza and Tammy Auza,9S,6E,18,ALL,640,9S - 6E - 18
156192,Pinal,PERM COMMON SCHOOLS (INDMTY SELEC),Y,Joseph Auza and Tammy Auza,10S,6E,18,LOTS 1 THRU 4 E2W2 E2,636.44,10S - 6E - 18
156194,Pinal,PERM COMMON SCHOOLS (INDMTY SELEC),Y,Joseph Auza and Tammy Auza,10S,6E,19,LOTS 1 THRU 4 E2W2 E2,637.28,10S - 6E - 19
156778,Pinal,SCHOOL OF MINES,Y,Joseph Auza and Tammy Auza,8S,6E,33,ALL,640,8S - 6E - 33
156779,Pinal,SCHOOL OF MINES,Y,Joseph Auza and Tammy Auza,8S,6E,28,ALL,640,8S - 6E - 28
156780,Pinal,SCHOOL OF MINES,Y,Joseph Auza and Tammy Auza,8S,6E,31,LOTS 1 THRU 4 E2 E2W2,632.72,8S - 6E - 31
156781,Pinal,SCHOOL OF MINES,Y,Joseph Auza and Tammy Auza,8S,6E,29,ALL,640,8S - 6E - 29
156782,Pinal,SCHOOL OF MINES,Y,Joseph Auza and Tammy Auza,8S,6E,20,ALL,640,8S - 6E - 20
156787,Pinal,SCHOOL OF MINES,Y,Joseph Auza and Tammy Auza,8S,6E,21,W2,320,8S - 6E - 21
156788,Pinal,SCHOOL OF MINES,Y,Joseph Auza and Tammy Auza,8S,6E,19,LOTS1 THRU 4 E2W2 E2,630.16,8S - 6E - 19
156789,Pinal,SCHOOL OF MINES,Y,Joseph Auza and Tammy Auza,8S,6E,30,LOTS 1 THRU 4 E2W2 E2,631.62,8S - 6E - 30
157875,Yavapai,PERM COMMON SCHOOLS,N,,14N,2W,36,LOT 4 LY NELY OF MILITARY RESERVATION EX 1.00 AC LY IN N2NE OF LOT 4,20.42,14N - 2W - 36
158023,Yavapai,PERM COMMON SCHOOLS,N,,14N,2W,36,E2 EX MILITARY RESERVATION LY IN W2SWNWNWSWSE,336.37,14N - 2W - 36
150615,Mohave,PERM COMMON SCHOOLS,Y,Anita M. Waite,18N,13W,16,ALL,640,18N - 13W - 16
151259,Mohave,PERM COMMON SCHOOLS (INDMTY SELEC),Y,James H. Short ET UX,18N,13W,10,ALL,640,18N - 13W - 10
150217,Mohave,"LEGISLATIVE, EXEC, JUD BLDG",N,,17N,21W,27,LOT 1,39.19,17N - 21W - 27
150224,Mohave,HSPTL-DISABLED MNRS 2/20/1929,N,,17N,21W,34,NE,160,17N - 21W - 34
150225,Mohave,HSPTL-DISABLED MNRS 2/20/1929,N,,17N,21W,27,N2NW,80,17N - 21W - 27
150235,Mohave,PENITENTIARY LAND FUND,N,,16N,21W,3,LOT 5,40.25,16N - 21W - 3
150293,Mohave,PERM COMMON SCHOOLS,N,,17N,21W,16,E2,320,17N - 21W - 16
150643,Mohave,PERM COMMON SCHOOLS,N,,18N,21W,32,ALL,640,18N - 21W - 32
151413,Mohave,COUNTY BOND,N,,17N,21W,34,SE,160,17N - 21W - 34
144385,Coconino,PERM COMMON SCHOOLS,Y,Navajo Nation,31N,4W,2,LOTS 1 THRU 4 S2N2 S2,640,31N - 4W - 2
144421,Coconino,PERM COMMON SCHOOLS,Y,Navajo Nation,32N,5W,16,ALL,640,32N - 5W - 16
144423,Coconino,PERM COMMON SCHOOLS,Y,Cataract Natural Reserve Land,30N,2W,32,ALL,640,30N - 2W - 32
144642,Coconino,PERM COMMON SCHOOLS,Y,Cataract Natural Reserve Land,30N,2W,16,ALL,640,30N - 2W - 16
145109,Coconino,PERM COMMON SCHOOLS (INDMTY SELEC),N,,30N,2W,29,CATARACT CANYON LY NW NENENENWSW,68.1,30N - 2W - 29
145110,Coconino,PERM COMMON SCHOOLS (INDMTY SELEC),Y,Navajo Nation,30N,2W,29,N2NW N2S2NW LY WLY OF CATARACT CANYON,74.82,30N - 2W - 29
145112,Coconino,PERM COMMON SCHOOLS (INDMTY SELEC),Y,Cataract Natural Reserve Land,30N,2W,29,19.47 ACRES IN E2,19.47,30N - 2W - 29
145115,Coconino,PERM COMMON SCHOOLS (INDMTY SELEC),Y,Navajo Nation,32N,5W,22,N2N2,160,32N - 5W - 22
145116,Coconino,PERM COMMON SCHOOLS (INDMTY SELEC),Y,Navajo Nation,30N,2W,17,SWSW S W OF CANYON,15,30N - 2W - 17
145117,Coconino,PERM COMMON SCHOOLS (INDMTY SELEC),Y,Navajo Nation,30N,2W,20,W2W2 E2SW,240,30N - 2W - 20
145118,Coconino,PERM COMMON SCHOOLS (INDMTY SELEC),N,,30N,2W,29,CATRACT CANYON LY IN W2SW,23.67,30N - 2W - 29
145119,Coconino,PERM COMMON SCHOOLS (INDMTY SELEC),Y,Navajo Nation,30N,2W,8,NWNW,40,30N - 2W - 8
145120,Coconino,PERM COMMON SCHOOLS (INDMTY SELEC),Y,Navajo Nation,30N,2W,5,LOT 4 SWNW W2SW,158.46,30N - 2W - 5
145121,Coconino,PERM COMMON SCHOOLS (INDMTY SELEC),Y,Navajo Nation,30N,2W,29,SWNW N2NWSW LY WLY OF CATARACT CANYON,39.63,30N - 2W - 29
145123,Coconino,PERM COMMON SCHOOLS (INDMTY SELEC),Y,Cataract Natural Reserve Land,30N,2W,8,E2E2,160,30N - 2W - 8
145125,Coconino,PERM COMMON SCHOOLS (INDMTY SELEC),Y,Cataract Natural Reserve Land,30N,2W,20,E2NE,80,30N - 2W - 20
145172,Coconino,PERM COMMON SCHOOLS (INDMTY SELEC),Y,Cataract Natural Reserve Land,30N,2W,17,SESE,40,30N - 2W - 17
145174,Coconino,PERM COMMON SCHOOLS (INDMTY SELEC),N,,30N,2W,33,W2NE SENE NW NESW E2SE,400,30N - 2W - 33
145180,Coconino,PERM COMMON SCHOOLS (INDMTY SELEC),N,,30N,2W,29,CATARACT CANYON LY IN S2SE,60.53,30N - 2W - 29
145250,Coconino,PERM COMMON SCHOOLS (INDMTY SELEC),Y,Cataract Natural Reserve Land,30N,2W,21,ALL,640,30N - 2W - 21
145636,Coconino,PERM COMMON SCHOOLS (INDMTY SELEC),Y,Cataract Natural Reserve Land,30N,2W,17,E 825 FT OF THE SWSW,25,30N - 2W - 17
145638,Coconino,PERM COMMON SCHOOLS (INDMTY SELEC),Y,Cataract Natural Reserve Land,30N,2W,9,ALL,640,30N - 2W - 9
145640,Coconino,PERM COMMON SCHOOLS (INDMTY SELEC),Y,Cataract Natural Reserve Land,30N,2W,28,N2 SE E2SESW N2N2NESW SENENESW E2SENESW,517.5,30N - 2W - 28
145750,Coconino,PERM COMMON SCHOOLS (INDMTY SELEC),Y,Navajo Nation,31N,3W,6,LOTS 1 THRU 7 S2NE SENW E2SW SE,627.68,31N - 3W - 6
145751,Coconino,PERM COMMON SCHOOLS (INDMTY SELEC),Y,Navajo Nation,31N,3W,5,LOTS 1 THRU 4 S2N2 S2,640,31N - 3W - 5
139086,Apache,PERM COMMON SCHOOLS,Y,Zuni Indian Tribe,15N,26E,36,ALL,640,15N - 26E - 36
139089,Apache,PERM COMMON SCHOOLS,Y,"J Albert Brown Ranches, Inc.",14N,26E,36,ALL,640,14N - 26E - 36
139586,Apache,PERM COMMON SCHOOLS (INDMTY SELEC),Y,PUEBLO OF ZUNI,17N,31E,10,LOTS 1 THRU 4,193.5,17N - 31E - 10
138800,Apache,NORMAL SCHOOL,Y,"Jaralosa Cattle Co LLC, 50% Interest and Platt Cattle Co LLC, 50% Interest",17N,30E,6,LOTS 1 THRU 7 S2NE SENW E2SW SE,635.63,17N - 30E - 6
138906,Apache,PERM COMMON SCHOOLS,Y,Leon Plant,19N,28E,36,SESE,40,19N - 28E - 36
138907,Apache,PERM COMMON SCHOOLS,Y,David L. Nielsen and E. Ruth Nielsen,18N,29E,36,ALL LYING N OF HWY 61,307,18N - 29E - 36
138908,Apache,PERM COMMON SCHOOLS,Y,Leon Plant,18N,28E,2,S2SW SE,240,18N - 28E - 2
138909,Apache,PERM COMMON SCHOOLS,Y,Leon Plant,18N,28E,36,ALL,640,18N - 28E - 36
138913,Apache,PERM COMMON SCHOOLS,Y,Lance K. Knight,18N,27E,32,ALL,640,18N - 27E - 32
138918,Apache,PERM COMMON SCHOOLS,Y,"Jaralosa Cattle Co LLC, 50% Interest and Platt Cattle Co LLC, 50% Interest",17N,30E,2,LOTS 1 THRU 4 S2N2 S2,642.06,17N - 30E - 2
138919,Apache,PERM COMMON SCHOOLS,Y,David L. Nielsen and E. Ruth Nielsen,17N,29E,2,LOTS 1 THRU 4 S2NE SWNW NWSENW W2SWSENW E2SESENW S2,618.34,17N - 29E - 2
139043,Apache,PERM COMMON SCHOOLS,N,,21N,28E,16,ALL,640,21N - 28E - 16
139046,Apache,PERM COMMON SCHOOLS,Y,Jerry and Nancy Winn,20N,26E,2,L 1 TO 4 S2N2 S2,655.04,20N - 26E - 2
139049,Apache,PERM COMMON SCHOOLS,Y,David L. Nielsen and E. Ruth Nielsen,18N,29E,36,S OF HWY 61,315,18N - 29E - 36
139050,Apache,PERM COMMON SCHOOLS,N,,18N,29E,36,HWY 61,18,18N - 29E - 36
139550,Apache,PERM COMMON SCHOOLS (INDMTY SELEC),Y,Jerry and Nancy Winn,20N,26E,30,L 1 TO 4 E2W2 E2,617.86,20N - 26E - 30
139552,Apache,PERM COMMON SCHOOLS (INDMTY SELEC),Y,Jerry and Nancy Winn,20N,26E,18,L 1 TO 4 E2W2 E2,611.26,20N - 26E - 18
139553,Apache,PERM COMMON SCHOOLS (INDMTY SELEC),Y,Jerry D. Winn and Henson Dean Winn,20N,26E,24,NWSW S2SW,120,20N - 26E - 24
139554,Apache,PERM COMMON SCHOOLS (INDMTY SELEC),Y,Petrified Forest National Park,19N,26E,6,L1 TO 7 SENW E2SW S2NE SE,619.11,19N - 26E - 6
139579,Apache,PERM COMMON SCHOOLS (INDMTY SELEC),Y,Lance K. Knight,18N,27E,24,N2N2 SENE E2SE,280,18N - 27E - 24
139581,Apache,PERM COMMON SCHOOLS (INDMTY SELEC),Y,Lance K. Knight,18N,27E,22,N2 SESE N2S2,520,18N - 27E - 22
139582,Apache,PERM COMMON SCHOOLS (INDMTY SELEC),Y,Lance K. Knight,18N,27E,20,E2 E2W2,480,18N - 27E - 20
139583,Apache,PERM COMMON SCHOOLS (INDMTY SELEC),Y,"Jaralosa Cattle Co LLC, 50% Interest and Platt Cattle Co LLC, 50% Interest",17N,31E,4,LOTS 1 THRU 4 S2N2 S2,637.52,17N - 31E - 4
139584,Apache,PERM COMMON SCHOOLS (INDMTY SELEC),Y,"Jaralosa Cattle Co LLC, 50% Interest and Platt Cattle Co LLC, 50% Interest",17N,31E,6,LOTS 1 THRU 7 S2NE SENW E2SW SE,639.06,17N - 31E - 6
139767,Apache,PERM COMMON SCHOOLS (INDMTY SELEC),Y,"Jaralosa Cattle Co LLC, 50% Interest and Platt Cattle Co LLC, 50% Interest",17N,30E,4,LOTS 1 THRU 4 S2N2 S2,642.22,17N - 30E - 4
139828,Apache,PERM COMMON SCHOOLS (INDMTY SELEC),Y,Ghost Lake Corporation,18N,26E,24,ALL,640,18N - 26E - 24
140205,Apache,COUNTY BOND,N,,21N,29E,4,L1,40.77,21N - 29E - 4
144248,Coconino,PERM COMMON SCHOOLS,Y,Nat Land and Cattle LLC,20N,14E,2,LOTS 1 THRU 4 S2N2 S2,624.64,20N - 14E - 2
144250,Coconino,PERM COMMON SCHOOLS,Y,City of Flagstaff,20N,12.5E,2,LOTS 1 THRU 4 S2N2 S2,710.84,20N - 12.5E - 2
144258,Coconino,PERM COMMON SCHOOLS,Y,Nat Land and Cattle LLC,19N,14E,2,LOTS 1 2 S2NE SENW S2SWNW S2N2SWNW N2S2 SESE M&B IN LOT 4 N2N2SWNW,470.57,19N - 14E - 2
144351,Coconino,PERM COMMON SCHOOLS,Y,Hopi Tribe,19N,15E,16,S2SWNW S2 LY SLY FROM C/L OF ATSFRR R/W,255.35,19N - 15E - 16
144434,Coconino,PERM COMMON SCHOOLS,Y,"Babbitt Ranches, L.L.C.",26N,8E,16,ALL,640,26N - 8E - 16
144437,Coconino,PERM COMMON SCHOOLS,Y,"Babbitt Ranches, L.L.C.",26N,10E,16,LOT 1 SENE E2SE,152.73,26N - 10E - 16
144535,Coconino,PERM COMMON SCHOOLS,Y,"Babbitt Ranches, L.L.C.",26N,6E,2,ALL,640,26N - 6E - 2
144564,Coconino,PERM COMMON SCHOOLS,Y,Turrell Trading Company,22N,11E,32,LOTS 1 THRU 4 W2,440.12,22N - 11E - 32
144685,Coconino,PERM COMMON SCHOOLS,Y,"Babbitt Ranches, L.L.C.",27N,6E,16,ALL,640,27N - 6E - 16
144773,Coconino,PERM COMMON SCHOOLS,Y,Hopi Tribe,21N,11E,32,LOTS 1 THRU 4 W2,439.72,21N - 11E - 32
144799,Coconino,PERM COMMON SCHOOLS (INDMTY SELEC),Y,City of Flagstaff,20N,14E,6,LOTS 1 THRU 6 SENW E2SW S2NE SE LOT 7 LY NE OF PAT 6057,605.94,20N - 14E - 6
144800,Coconino,PERM COMMON SCHOOLS (INDMTY SELEC),Y,Nat Land and Cattle LLC,20N,15E,6,LOTS 1 THRU 7 S2NE SENW E2SW SE,542.67,20N - 15E - 6
144801,Coconino,PERM COMMON SCHOOLS (INDMTY SELEC),Y,City of Flagstaff,20N,14E,4,LOTS 1 THRU 4 S2N2 S2,626.46,20N - 14E - 4
144802,Coconino,PERM COMMON SCHOOLS (INDMTY SELEC),Y,Nat Land and Cattle LLC,20N,14E,1,ALL,640,20N - 14E - 1
144808,Coconino,PERM COMMON SCHOOLS (INDMTY SELEC),Y,City of Flagstaff,20N,13E,8,LOTS 1 THRU 4 S2N2 S2,638.96,20N - 13E - 8
144809,Coconino,PERM COMMON SCHOOLS (INDMTY SELEC),Y,City of Flagstaff,20N,13E,10,LOTS 1 THRU 4 S2N2 S2,635.16,20N - 13E - 10
144810,Coconino,PERM COMMON SCHOOLS (INDMTY SELEC),Y,City of Flagstaff,20N,13E,12,LOTS 1 THRU 7 SWNE S2NW W2SE SW,630.97,20N - 13E - 12
145149,Coconino,PERM COMMON SCHOOLS (INDMTY SELEC),Y,Nat Land and Cattle LLC,20N,15E,4,LOTS 1 THRU 4 S2N2 S2,628.7,20N - 15E - 4
145273,Coconino,PERM COMMON SCHOOLS (INDMTY SELEC),Y,"Babbitt Ranches, L.L.C.",27N,8E,28,ALL,640,27N - 8E - 28
145274,Coconino,PERM COMMON SCHOOLS (INDMTY SELEC),Y,"Babbitt Ranches, L.L.C.",27N,8E,14,ALL,640,27N - 8E - 14
145276,Coconino,PERM COMMON SCHOOLS (INDMTY SELEC),Y,"Babbitt Ranches, L.L.C.",27N,8E,22,ALL,640,27N - 8E - 22
145277,Coconino,PERM COMMON SCHOOLS (INDMTY SELEC),Y,"Babbitt Ranches, L.L.C.",27N,8E,2,SE,160,27N - 8E - 2
145283,Coconino,PERM COMMON SCHOOLS (INDMTY SELEC),Y,"Babbitt Ranches, L.L.C.",27N,9E,4,LOTS 1 THRU 4 S2N2 S2,636.68,27N - 9E - 4
145285,Coconino,PERM COMMON SCHOOLS (INDMTY SELEC),Y,"Babbitt Ranches, L.L.C.",27N,10E,6,LOTS 1 THRU 4 S2N2 S2,641.2,27N - 10E - 6
145288,Coconino,PERM COMMON SCHOOLS (INDMTY SELEC),Y,"Babbitt Ranches, L.L.C.",26N,8E,18,LOTS 1 THRU 4 E2W2 E2,630,26N - 8E - 18
145292,Coconino,PERM COMMON SCHOOLS (INDMTY SELEC),Y,"Babbitt Ranches, L.L.C.",26N,9E,26,ALL,640,26N - 9E - 26
145298,Coconino,PERM COMMON SCHOOLS (INDMTY SELEC),Y,"Babbitt Ranches, L.L.C.",26N,9E,14,SW,160,26N - 9E - 14
145399,Coconino,PERM COMMON SCHOOLS (INDMTY SELEC),Y,"Babbitt Ranches, L.L.C.",26N,7E,10,W2,320,26N - 7E - 10
145507,Coconino,PERM COMMON SCHOOLS (INDMTY SELEC),Y,Turrell Trading Company,21N,11E,8,LOTS 1 TO 4 W2,440,21N - 11E - 8
145508,Coconino,PERM COMMON SCHOOLS (INDMTY SELEC),Y,Turrell Trading Company,21N,11E,20,LOTS 1 2 NW,219.98,21N - 11E - 20
145531,Coconino,PERM COMMON SCHOOLS (INDMTY SELEC),Y,"Babbitt Ranches, L.L.C.",26N,7E,6,LOTS 1 THRU 4 E2W2 E2,602.32,26N - 7E - 6
145703,Coconino,PERM COMMON SCHOOLS (INDMTY SELEC),Y,"Babbitt Ranches, L.L.C.",27N,6E,28,ALL,640,27N - 6E - 28
145730,Coconino,PERM COMMON SCHOOLS (INDMTY SELEC),Y,"Babbitt Ranches, L.L.C.",26N,7E,4,ALL,640,26N - 7E - 4
145732,Coconino,PERM COMMON SCHOOLS (INDMTY SELEC),Y,"Babbitt Ranches, L.L.C.",26N,7E,14,ALL,640,26N - 7E - 14
145743,Coconino,PERM COMMON SCHOOLS (INDMTY SELEC),Y,"Babbitt Ranches, L.L.C.",27N,9E,2,LOTS 1 THRU 4 S2N2 S2,638.16,27N - 9E - 2
145807,Coconino,PERM COMMON SCHOOLS (INDMTY SELEC),Y,"Babbitt Ranches, L.L.C.",26N,8E,4,LOTS 1 THRU 4 S2N2 S2,641.36,26N - 8E - 4
145812,Coconino,PERM COMMON SCHOOLS (INDMTY SELEC),Y,"Babbitt Ranches, L.L.C.",26N,9E,24,NW,160,26N - 9E - 24
145875,Coconino,PERM COMMON SCHOOLS (INDMTY SELEC),Y,"Turrell Land Company, LLC dba Turrell Trading Company",23N,11E,32,LOTS 1 3 4 W2,410.75,23N - 11E - 32
145883,Coconino,PERM COMMON SCHOOLS (INDMTY SELEC),Y,Turrell Trading Company,22N,11E,8,LOTS 1 THRU 4 W2,440.6,22N - 11E - 8
145884,Coconino,PERM COMMON SCHOOLS (INDMTY SELEC),Y,Turrell Trading Company,22N,11E,20,LOTS 1 THRU 4 W2,440.28,22N - 11E - 20
145887,Coconino,PERM COMMON SCHOOLS (INDMTY SELEC),Y,Hopi Tribe,21N,11E,20,LOTS 3 4 S2W2,219.78,21N - 11E - 20
151522,Navajo,PERM COMMON SCHOOLS,Y,"Bar T Bar Ranch, Inc.",20N,20E,2,LOTS 1 THRU 4 S2N2 S2,643.04,20N - 20E - 2
151524,Navajo,PERM COMMON SCHOOLS,Y,Navajo Nation,20N,16E,2,LOTS 1 THRU 4 S2N2 S2,637.96,20N - 16E - 2
151525,Navajo,PERM COMMON SCHOOLS,Y,Navajo Nation,20N,17E,2,LOTS 1 THRU 4 S2N2 S2,638.58,20N - 17E - 2
151705,Navajo,PERM COMMON SCHOOLS,Y,Nat Land and Cattle LLC,20N,15E,2,LOTS 1 THRU 4 S2N2 S2,632.88,20N - 15E - 2
151735,Navajo,PERM COMMON SCHOOLS,Y,"Bar T Bar Ranch, Inc.",20N,19E,2,LOTS 1 THRU 4 S2N2 S2,641.26,20N - 19E - 2
151751,Navajo,PERM COMMON SCHOOLS,Y,Jeffers Cattle Co,20N,21E,2,ALL E OF CNTR LN HWY 77,268.9,20N - 21E - 2
151772,Navajo,PERM COMMON SCHOOLS,Y,Jeffers Cattle Co,20N,22E,2,LOTS 1 & 2 S2NE S2,483.8,20N - 22E - 2
151799,Navajo,PERM COMMON SCHOOLS,Y,W B Jeffers Jr. ET AL,20N,21E,2,ALL W OF C/L  LN HWY 77,373,20N - 21E - 2
151807,Navajo,PERM COMMON SCHOOLS (INDMTY SELEC),Y,Navajo Nation,20N,17E,4,LOTS 1 THRU 4 S2N2 S2,639.38,20N - 17E - 4
151808,Navajo,PERM COMMON SCHOOLS (INDMTY SELEC),Y,Navajo Nation,20N,17E,6,LOTS 1 THRU 7 S2NE SENW E2SW SE,722.07,20N - 17E - 6
152077,Navajo,PERM COMMON SCHOOLS (INDMTY SELEC),Y,Jeffers Cattle Co,20N,22E,4,LOTS 1 THRU  4 S2N2 S2,645.12,20N - 22E - 4
152078,Navajo,PERM COMMON SCHOOLS (INDMTY SELEC),Y,Jeffers Cattle Co,20N,23E,4,LOTS 1 THRU  4  S2N2 S2,648.7,20N - 23E - 4
152087,Navajo,PERM COMMON SCHOOLS (INDMTY SELEC),Y,W B Jeffers Jr. ET AL,20N,21E,6,LOTS 1 THRU 7 SENW S2NE E2SW SE,673.81,20N - 21E - 6
152088,Navajo,PERM COMMON SCHOOLS (INDMTY SELEC),Y,W B Jeffers Jr. ET AL,20N,21E,4,LOTS 1 THRU 4 S2N2 S2,642.86,20N - 21E - 4
152099,Navajo,PERM COMMON SCHOOLS (INDMTY SELEC),Y,Jeffers Cattle Co,20N,22E,6,LOTS 1 THRU 7 S2NE E2SW SENW SE,664.47,20N - 22E - 6
152127,Navajo,PERM COMMON SCHOOLS (INDMTY SELEC),Y,Jeffers Cattle Co,20N,23E,6,LOTS 1  THRU  7 SENW S2NE E2SW SE,623.28,20N - 23E - 6
152135,Navajo,PERM COMMON SCHOOLS (INDMTY SELEC),Y,Navajo Nation,20N,18E,6,LOTS 1 THRU 7 S2NE SENW AND E2SW SE LY NLY PAT 5747,585.39,20N - 18E - 6
152136,Navajo,PERM COMMON SCHOOLS (INDMTY SELEC),Y,"Bar T Bar Ranch, Inc.",20N,19E,18,LOTS 3 & 4 E2SW,172.21,20N - 19E - 18