state,managing_agency,rights_type,state_enabling_act,OBJECTID,county,lease_status,lessee,township,range,section,trs-copy,aliquot,acres,trust_name
AZ,State Land Department,Subsurface,36 Stat. 557-579 (1910),141873,Yuma,N,,9S,24W,36,9S - 24W - 36,W 33FT EX N 72FT OF W 33FT,3.95,PERM COMMON SCHOOLS
AZ,State Land Department,Subsurface,37 Stat. 557-579 (1910),141876,Yuma,N,,9S,23W,32,9S - 23W - 32,E2NW N2N2SW N2S2NWSW SENESW SWNWSE,150,PERM COMMON SCHOOLS
AZ,State Land Department,Subsurface,38 Stat. 557-579 (1910),141887,Yuma,N,,9S,25W,36,9S - 25W - 36,LOT 1 5 THRU 10 S2N2 S2,639.78,PERM COMMON SCHOOLS
AZ,State Land Department,Subsurface,39 Stat. 557-579 (1910),141993,Yuma,N,,9S,24W,36,9S - 24W - 36,M&B IN E2 LY E OF CANAL,189.55,PERM COMMON SCHOOLS
AZ,State Land Department,Subsurface,40 Stat. 557-579 (1910),142467,Lapaz,N,,8N,19W,16,8N - 19W - 16,LOTS 1 THRU 4 E2SW E2,504.72,PERM COMMON SCHOOLS
AZ,State Land Department,Subsurface,41 Stat. 557-579 (1910),142549,Lapaz,N,,4N,21W,36,4N - 21W - 36,E2,320,PERM COMMON SCHOOLS
AZ,State Land Department,Subsurface,42 Stat. 557-579 (1910),142618,Lapaz,N,,3N,21W,2,3N - 21W - 2,NE S2NW N2SW SESW SE,520,PERM COMMON SCHOOLS
AZ,State Land Department,Subsurface,43 Stat. 557-579 (1910),142660,Lapaz,N,,8N,19W,3,8N - 19W - 3,LOTS 1 THRU 4 S2N2 S2,556,PERM COMMON SCHOOLS (INDMTY SELEC)
AZ,State Land Department,Subsurface,44 Stat. 557-579 (1910),142666,Lapaz,N,,9N,19W,11,9N - 19W - 11,LOTS 3 THRU 6 NENW E2,476.16,PERM COMMON SCHOOLS (INDMTY SELEC)
AZ,State Land Department,Subsurface,45 Stat. 557-579 (1910),142670,Lapaz,N,,9N,19W,2,9N - 19W - 2,LOTS 1 THRU 7 S2NE SENW E2SW SE,625.9,PERM COMMON SCHOOLS (INDMTY SELEC)
AZ,State Land Department,Subsurface,46 Stat. 557-579 (1910),142672,Lapaz,N,,8N,19W,9,8N - 19W - 9,LOTS 4 THRU 7 SWSE E2E2,291.76,PERM COMMON SCHOOLS (INDMTY SELEC)
AZ,State Land Department,Subsurface,47 Stat. 557-579 (1910),142703,Lapaz,N,,9N,19W,3,9N - 19W - 3,LOT 7,13.02,PERM COMMON SCHOOLS (INDMTY SELEC)
AZ,State Land Department,Subsurface,48 Stat. 557-579 (1910),142806,Lapaz,N,,7N,19W,19,7N - 19W - 19,LOTS 1 THRU 4 E2W2 E2,632.87,PERM COMMON SCHOOLS (INDMTY SELEC)
AZ,State Land Department,Subsurface,49 Stat. 557-579 (1910),142901,Lapaz,N,,7N,19W,18,7N - 19W - 18,LOTS 1 THRU 4 E2SW E2,501.16,PERM COMMON SCHOOLS (INDMTY SELEC)
AZ,State Land Department,Subsurface,50 Stat. 557-579 (1910),142963,Lapaz,N,,4N,22W,36,4N - 22W - 36,LOTS 5 6 7,55.43,PERM COMMON SCHOOLS (INDMTY SELEC)
AZ,State Land Department,Subsurface,51 Stat. 557-579 (1910),143008,Lapaz,N,,10N,19W,34,10N - 19W - 34,LOTS 5 6 E2NE N2NESE,168.81,PERM COMMON SCHOOLS (INDMTY SELEC)
AZ,State Land Department,Subsurface,52 Stat. 557-579 (1910),143010,Lapaz,N,,8N,19W,4,8N - 19W - 4,LOTS 6 THRU 8,80.67,PERM COMMON SCHOOLS (INDMTY SELEC)
AZ,State Land Department,Subsurface,53 Stat. 557-579 (1910),143016,Lapaz,N,,8N,19W,20,8N - 19W - 20,LOTS 5 THRU 7,79.82,PERM COMMON SCHOOLS (INDMTY SELEC)
AZ,State Land Department,Subsurface,54 Stat. 557-579 (1910),143043,Lapaz,N,,3N,22W,1,3N - 22W - 1,LOTS 1 THRU 4 S2N2 N2N2SW N2SE N2SESE,365.4,PERM COMMON SCHOOLS (INDMTY SELEC)
AZ,State Land Department,Subsurface,55 Stat. 557-579 (1910),143052,Lapaz,N,,3N,21W,6,3N - 21W - 6,LOTS 1 THRU 7 S2NE SENW E2SW SE,530.37,PERM COMMON SCHOOLS (INDMTY SELEC)
AZ,State Land Department,Subsurface,56 Stat. 557-579 (1910),141829,Yuma,N,,8S,23W,15,8S - 23W - 15,L1 TO 4 S2SE,213.58,PENITENTIARY LAND FUND
AZ,State Land Department,Subsurface,57 Stat. 557-579 (1910),141830,Yuma,N,,8S,23W,14,8S - 23W - 14,PT LOT 1,2.21,PENITENTIARY LAND FUND
AZ,State Land Department,Subsurface,58 Stat. 557-579 (1910),141834,Yuma,N,,8S,23W,13,8S - 23W - 13,LOTS 1 THRU 4 S2N2 SE PT SW PT 1963 ACCRETION (552.38AC) AND PT 1982 ACCRETION (36.46AC),588.84,PENITENTIARY LAND FUND
AZ,State Land Department,Subsurface,59 Stat. 557-579 (1910),141851,Yuma,N,,8S,23W,24,8S - 23W - 24,ALL LY NLY OF LEFT BANK OF PRESENT COLORADO RIVER EX YIR IN N2NWNW AND W2 OF ABANDONED COLORADO RIVER CHANNEL IN W2NENW AND N2NWNW,321.85,PENITENTIARY LAND FUND
AZ,State Land Department,Subsurface,60 Stat. 557-579 (1910),141852,Yuma,N,,8S,23W,23,8S - 23W - 23,PRESENT COLORADO RIVER IN N2 AND ABANDONED COLORADO RIVER CHANNEL IN NW,158.16,PENITENTIARY LAND FUND
AZ,State Land Department,Subsurface,61 Stat. 557-579 (1910),141853,Yuma,N,,8S,23W,22,8S - 23W - 22,LOTS 1 2 3 7,177.33,PENITENTIARY LAND FUND
AZ,State Land Department,Subsurface,62 Stat. 557-579 (1910),142092,Yuma,N,,7S,11W,29,7S - 11W - 29,ALL,640,PERM COMMON SCHOOLS (INDMTY SELEC)
AZ,State Land Department,Subsurface,63 Stat. 557-579 (1910),137224,Pinal,N,,4S,8E,10,4S - 8E - 10,SE,160,MINERS HSPTL-DISABLED MINERS
AZ,State Land Department,Subsurface,64 Stat. 557-579 (1910),137225,Pinal,N,,5S,6E,15,5S - 6E - 15,N2,320,MINERS HSPTL-DISABLED MINERS
AZ,State Land Department,Subsurface,65 Stat. 557-579 (1910),137226,Pinal,N,,5S,6E,14,5S - 6E - 14,ALL,640,MINERS HSPTL-DISABLED MINERS
AZ,State Land Department,Subsurface,66 Stat. 557-579 (1910),137228,Pinal,N,,4S,8E,15,4S - 8E - 15,E2,320,MINERS HSPTL-DISABLED MINERS
AZ,State Land Department,Subsurface,67 Stat. 557-579 (1910),137262,Pinal,N,,4S,8E,3,4S - 8E - 3,LOTS 1 2 S2NE SE,317.95,NORMAL SCHOOL
AZ,State Land Department,Subsurface,68 Stat. 557-579 (1910),137455,Pinal,N,,4S,2E,16,4S - 2E - 16,ALL,640,PERM COMMON SCHOOLS
AZ,State Land Department,Subsurface,69 Stat. 557-579 (1910),137589,Pinal,N,,4S,3E,16,4S - 3E - 16,ALL,640,PERM COMMON SCHOOLS
AZ,State Land Department,Subsurface,70 Stat. 557-579 (1910),137663,Pinal,N,,5S,6E,16,5S - 6E - 16,ALL,640,PERM COMMON SCHOOLS
AZ,State Land Department,Subsurface,71 Stat. 557-579 (1910),138065,Pinal,N,,4S,2E,17,4S - 2E - 17,ALL,640,PERM COMMON SCHOOLS (INDMTY SELEC)
AZ,State Land Department,Subsurface,72 Stat. 557-579 (1910),138773,Pinal,Y,Kennecott Exploration Company,5S,4E,12,5S - 4E - 12,ALL,640,SCHOOL OF MINES
AZ,State Land Department,Subsurface,73 Stat. 557-579 (1910),127231,Coconino,N,,16N,13E,18,16N - 13E - 18,L1 TO 11 NE N2SE SESE MB L12 SWSE,746.56,AGRICULTURE & MECHANICAL COLLEGE
AZ,State Land Department,Subsurface,74 Stat. 557-579 (1910),127232,Coconino,N,,16N,14E,6,16N - 14E - 6,L1 TO 22 E2SW SE,1145.56,AGRICULTURE & MECHANICAL COLLEGE
AZ,State Land Department,Subsurface,75 Stat. 557-579 (1910),127234,Coconino,N,,16N,14E,8,16N - 14E - 8,ALL,640,AGRICULTURE & MECHANICAL COLLEGE
AZ,State Land Department,Subsurface,76 Stat. 557-579 (1910),127235,Coconino,N,,16N,14E,4,16N - 14E - 4,L1 TO 20 S2,1119.96,AGRICULTURE & MECHANICAL COLLEGE
AZ,State Land Department,Subsurface,77 Stat. 557-579 (1910),127236,Coconino,N,,16N,14E,10,16N - 14E - 10,ALL,640,AGRICULTURE & MECHANICAL COLLEGE
AZ,State Land Department,Subsurface,78 Stat. 557-579 (1910),127304,Coconino,N,,16N,14E,12,16N - 14E - 12,E2,320,MINERS HSPTL-DISABLED MINERS
AZ,State Land Department,Subsurface,79 Stat. 557-579 (1910),127416,Coconino,N,,16N,15E,16,16N - 15E - 16,ALL,640,PERM COMMON SCHOOLS
AZ,State Land Department,Subsurface,80 Stat. 557-579 (1910),127485,Coconino,N,,20N,11E,2,20N - 11E - 2,LOTS 1 THRU 12 S2 EX M&B IN SWSWSW,815.23,PERM COMMON SCHOOLS
AZ,State Land Department,Subsurface,81 Stat. 557-579 (1910),127486,Coconino,N,,20N,12E,2,20N - 12E - 2,L1 TO 4 S2N2 S2,714.52,PERM COMMON SCHOOLS
AZ,State Land Department,Subsurface,82 Stat. 557-579 (1910),127488,Coconino,N,,20N,12E,16,20N - 12E - 16,N2 N2N2S2 LY N OF 95-98643,335.33,PERM COMMON SCHOOLS
AZ,State Land Department,Subsurface,83 Stat. 557-579 (1910),127489,Coconino,N,,20N,11E,16,20N - 11E - 16,ALL,640,PERM COMMON SCHOOLS
AZ,State Land Department,Subsurface,84 Stat. 557-579 (1910),127490,Coconino,N,,20N,12E,16,20N - 12E - 16,S2 LY S OF 95-98643,297.82,PERM COMMON SCHOOLS
AZ,State Land Department,Subsurface,85 Stat. 557-579 (1910),127493,Coconino,N,,20N,12E,36,20N - 12E - 36,ALL,640,PERM COMMON SCHOOLS
AZ,State Land Department,Subsurface,86 Stat. 557-579 (1910),127495,Coconino,N,,20N,12E,32,20N - 12E - 32,ALL,640,PERM COMMON SCHOOLS
AZ,State Land Department,Subsurface,87 Stat. 557-579 (1910),127496,Coconino,N,,20N,10E,36,20N - 10E - 36,ALL,640,PERM COMMON SCHOOLS
AZ,State Land Department,Subsurface,88 Stat. 557-579 (1910),127497,Coconino,N,,20N,11E,32,20N - 11E - 32,ALL,640,PERM COMMON SCHOOLS
AZ,State Land Department,Subsurface,89 Stat. 557-579 (1910),127498,Coconino,N,,20N,11E,36,20N - 11E - 36,ALL,640,PERM COMMON SCHOOLS
AZ,State Land Department,Subsurface,90 Stat. 557-579 (1910),127499,Coconino,N,,19N,12E,2,19N - 12E - 2,L1 TO 4 S2N2 S2,639.04,PERM COMMON SCHOOLS
AZ,State Land Department,Subsurface,91 Stat. 557-579 (1910),127501,Coconino,N,,19N,11E,2,19N - 11E - 2,ALL,640,PERM COMMON SCHOOLS
AZ,State Land Department,Subsurface,92 Stat. 557-579 (1910),127502,Coconino,N,,19N,13E,36,19N - 13E - 36,ALL,640,PERM COMMON SCHOOLS
AZ,State Land Department,Subsurface,93 Stat. 557-579 (1910),127509,Coconino,N,,19N,11E,32,19N - 11E - 32,L1 TO 4 N2 N2S2,637.24,PERM COMMON SCHOOLS
AZ,State Land Department,Subsurface,94 Stat. 557-579 (1910),127518,Coconino,N,,19N,11E,16,19N - 11E - 16,ALL,640,PERM COMMON SCHOOLS
AZ,State Land Department,Subsurface,95 Stat. 557-579 (1910),127519,Coconino,N,,18N,15E,32,18N - 15E - 32,ALL,640,PERM COMMON SCHOOLS
AZ,State Land Department,Subsurface,96 Stat. 557-579 (1910),127528,Coconino,N,,17N,15E,16,17N - 15E - 16,ALL EX PT OF E2E2E2,596.36,PERM COMMON SCHOOLS
AZ,State Land Department,Subsurface,97 Stat. 557-579 (1910),127532,Coconino,N,,16N,15E,32,16N - 15E - 32,ALL,640,PERM COMMON SCHOOLS
AZ,State Land Department,Subsurface,98 Stat. 557-579 (1910),127536,Coconino,N,,17N,12.5E,36,17N - 12.5E - 36,L1 TO 4 N2N2,331.21,PERM COMMON SCHOOLS
AZ,State Land Department,Subsurface,99 Stat. 557-579 (1910),127541,Coconino,N,,15N,15E,16,15N - 15E - 16,ALL,640,PERM COMMON SCHOOLS
AZ,State Land Department,Subsurface,100 Stat. 557-579 (1910),127755,Coconino,N,,17N,13E,32,17N - 13E - 32,LOTS 1 THRU 8 N2 N2S2,797.92,PERM COMMON SCHOOLS
AZ,State Land Department,Subsurface,101 Stat. 557-579 (1910),127756,Coconino,N,,17N,14E,32,17N - 14E - 32,LOTS 1 THRU 4 N2S2 N2,586.35,PERM COMMON SCHOOLS
AZ,State Land Department,Subsurface,102 Stat. 557-579 (1910),127757,Coconino,N,,17N,13E,2,17N - 13E - 2,ALL,640,PERM COMMON SCHOOLS
AZ,State Land Department,Subsurface,103 Stat. 557-579 (1910),127758,Coconino,N,,17N,14E,2,17N - 14E - 2,ALL,640,PERM COMMON SCHOOLS
AZ,State Land Department,Subsurface,104 Stat. 557-579 (1910),127759,Coconino,N,,17N,13E,36,17N - 13E - 36,L1 TO 4 N2S2 N2,612.96,PERM COMMON SCHOOLS
AZ,State Land Department,Subsurface,105 Stat. 557-579 (1910),127760,Coconino,N,,17N,14E,16,17N - 14E - 16,ALL,640,PERM COMMON SCHOOLS
AZ,State Land Department,Subsurface,106 Stat. 557-579 (1910),127761,Coconino,N,,17N,13E,16,17N - 13E - 16,ALL,640,PERM COMMON SCHOOLS
AZ,State Land Department,Subsurface,107 Stat. 557-579 (1910),127762,Coconino,N,,17N,14E,36,17N - 14E - 36,L1 TO 4 N2S2 N2,595.16,PERM COMMON SCHOOLS
AZ,State Land Department,Subsurface,108 Stat. 557-579 (1910),127766,Coconino,N,,19N,14E,32,19N - 14E - 32,ALL,640,PERM COMMON SCHOOLS
AZ,State Land Department,Subsurface,109 Stat. 557-579 (1910),127768,Coconino,N,,19N,14E,16,19N - 14E - 16,ALL,640,PERM COMMON SCHOOLS
AZ,State Land Department,Subsurface,110 Stat. 557-579 (1910),127770,Coconino,N,,16N,14E,2,16N - 14E - 2,L1 TO 20 S2,1109.92,PERM COMMON SCHOOLS
AZ,State Land Department,Subsurface,111 Stat. 557-579 (1910),127772,Coconino,N,,16N,14E,16,16N - 14E - 16,ALL,640,PERM COMMON SCHOOLS
AZ,State Land Department,Subsurface,112 Stat. 557-579 (1910),127773,Coconino,N,,16N,13E,16,16N - 13E - 16,ALL,640,PERM COMMON SCHOOLS
AZ,State Land Department,Subsurface,113 Stat. 557-579 (1910),127774,Coconino,N,,16N,13E,2,16N - 13E - 2,L1 TO 16 S2,1003.16,PERM COMMON SCHOOLS
AZ,State Land Department,Subsurface,114 Stat. 557-579 (1910),127832,Coconino,N,,18N,14E,32,18N - 14E - 32,ALL,640,PERM COMMON SCHOOLS
AZ,State Land Department,Subsurface,115 Stat. 557-579 (1910),127833,Coconino,N,,18N,14E,2,18N - 14E - 2,L1 TO 4 S2N2 S2,675.2,PERM COMMON SCHOOLS
AZ,State Land Department,Subsurface,116 Stat. 557-579 (1910),127834,Coconino,N,,18N,13E,36,18N - 13E - 36,ALL,640,PERM COMMON SCHOOLS
AZ,State Land Department,Subsurface,117 Stat. 557-579 (1910),127835,Coconino,N,,18N,13E,16,18N - 13E - 16,ALL,640,PERM COMMON SCHOOLS
AZ,State Land Department,Subsurface,118 Stat. 557-579 (1910),127836,Coconino,N,,18N,13E,32,18N - 13E - 32,ALL,640,PERM COMMON SCHOOLS
AZ,State Land Department,Subsurface,119 Stat. 557-579 (1910),127837,Coconino,N,,18N,14E,36,18N - 14E - 36,L1 TO 4 W2E2 W2,639.72,PERM COMMON SCHOOLS
AZ,State Land Department,Subsurface,120 Stat. 557-579 (1910),127838,Coconino,N,,18N,14E,16,18N - 14E - 16,ALL,640,PERM COMMON SCHOOLS
AZ,State Land Department,Subsurface,121 Stat. 557-579 (1910),127839,Coconino,N,,18N,13E,2,18N - 13E - 2,L1 TO 4 S2N2 S2,673.4,PERM COMMON SCHOOLS
AZ,State Land Department,Subsurface,122 Stat. 557-579 (1910),127848,Coconino,N,,21N,10E,36,21N - 10E - 36,LOTS 1 THRU 4 N2 N2S2,627.8,PERM COMMON SCHOOLS
AZ,State Land Department,Subsurface,123 Stat. 557-579 (1910),127950,Coconino,N,,16N,15E,34,16N - 15E - 34,W2W2W2W2 LY W OF COUNTY LINE,28.27,PERM COMMON SCHOOLS (INDMTY SELEC)
AZ,State Land Department,Subsurface,124 Stat. 557-579 (1910),127951,Coconino,N,,16N,15E,22,16N - 15E - 22,W2W2W2W2 LY W OF COUNTY LINE,25.41,PERM COMMON SCHOOLS (INDMTY SELEC)
AZ,State Land Department,Subsurface,125 Stat. 557-579 (1910),127962,Coconino,N,,17N,15E,4,17N - 15E - 4,ALL EX PT OF E2E2E2,594.46,PERM COMMON SCHOOLS (INDMTY SELEC)
AZ,State Land Department,Subsurface,126 Stat. 557-579 (1910),127963,Coconino,N,,16N,15E,6,16N - 15E - 6,L1 TO 15 18 TO 22 E2SW W2SE,1017.1,PERM COMMON SCHOOLS (INDMTY SELEC)
AZ,State Land Department,Subsurface,127 Stat. 557-579 (1910),127997,Coconino,N,,20N,11E,4,20N - 11E - 4,LOTS 1 THRU 4 7 8 AND LOTS 5 6 9 10 11 N2NE NESE LY N OF 95-98643,373.23,PERM COMMON SCHOOLS (INDMTY SELEC)
AZ,State Land Department,Subsurface,128 Stat. 557-579 (1910),127998,Coconino,N,,20N,12E,6,20N - 12E - 6,L1 TO 7 SESW SE,544.9,PERM COMMON SCHOOLS (INDMTY SELEC)
AZ,State Land Department,Subsurface,129 Stat. 557-579 (1910),127999,Coconino,N,,20N,12E,4,20N - 12E - 4,L1 TO 4 S2 S2N2,715.56,PERM COMMON SCHOOLS (INDMTY SELEC)
AZ,State Land Department,Subsurface,130 Stat. 557-579 (1910),128001,Coconino,N,,20N,11E,4,20N - 11E - 4,LOT 12 N2SW NWSE S2S2 AND LOTS 5 6 9 10 11 NESE LY S OF 95-98643,428.23,PERM COMMON SCHOOLS (INDMTY SELEC)
AZ,State Land Department,Subsurface,131 Stat. 557-579 (1910),128002,Coconino,N,,20N,11E,6,20N - 11E - 6,L1 TO 15 E2SW SE,916.42,PERM COMMON SCHOOLS (INDMTY SELEC)
AZ,State Land Department,Subsurface,132 Stat. 557-579 (1910),128003,Coconino,N,,20N,12E,18,20N - 12E - 18,LOT 1 NE NENW LY N OF 95-98643,136.2,PERM COMMON SCHOOLS (INDMTY SELEC)
AZ,State Land Department,Subsurface,133 Stat. 557-579 (1910),128005,Coconino,N,,20N,12E,18,20N - 12E - 18,LOTS 2 3 4 E2SW SE AND LOT 1 E2NW S2NE LY S OF 95-98643,485.06,PERM COMMON SCHOOLS (INDMTY SELEC)
AZ,State Land Department,Subsurface,134 Stat. 557-579 (1910),128006,Coconino,N,,20N,11E,18,20N - 11E - 18,L1 TO 4 E2W2 E2,715.55,PERM COMMON SCHOOLS (INDMTY SELEC)
AZ,State Land Department,Subsurface,135 Stat. 557-579 (1910),128007,Coconino,N,,20N,11E,14,20N - 11E - 14,ALL,640,PERM COMMON SCHOOLS (INDMTY SELEC)
AZ,State Land Department,Subsurface,136 Stat. 557-579 (1910),128009,Coconino,N,,20N,10E,14,20N - 10E - 14,ALL,640,PERM COMMON SCHOOLS (INDMTY SELEC)
AZ,State Land Department,Subsurface,137 Stat. 557-579 (1910),128011,Coconino,N,,20N,12E,22,20N - 12E - 22,ALL,640,PERM COMMON SCHOOLS (INDMTY SELEC)
AZ,State Land Department,Subsurface,138 Stat. 557-579 (1910),128012,Coconino,N,,20N,12E,24,20N - 12E - 24,ALL,640,PERM COMMON SCHOOLS (INDMTY SELEC)
AZ,State Land Department,Subsurface,139 Stat. 557-579 (1910),128013,Coconino,N,,20N,12E,20,20N - 12E - 20,ALL,640,PERM COMMON SCHOOLS (INDMTY SELEC)
AZ,State Land Department,Subsurface,140 Stat. 557-579 (1910),128015,Coconino,N,,20N,10E,24,20N - 10E - 24,ALL,640,PERM COMMON SCHOOLS (INDMTY SELEC)
AZ,State Land Department,Subsurface,141 Stat. 557-579 (1910),128016,Coconino,N,,20N,11E,22,20N - 11E - 22,E2 N2NW SWNW SW,600,PERM COMMON SCHOOLS (INDMTY SELEC)
AZ,State Land Department,Subsurface,142 Stat. 557-579 (1910),128017,Coconino,N,,20N,11E,24,20N - 11E - 24,ALL,640,PERM COMMON SCHOOLS (INDMTY SELEC)
AZ,State Land Department,Subsurface,143 Stat. 557-579 (1910),128020,Coconino,N,,19N,12E,8,19N - 12E - 8,ALL,640,PERM COMMON SCHOOLS (INDMTY SELEC)
AZ,State Land Department,Subsurface,144 Stat. 557-579 (1910),128021,Coconino,N,,19N,12E,10,19N - 12E - 10,ALL,640,PERM COMMON SCHOOLS (INDMTY SELEC)
AZ,State Land Department,Subsurface,145 Stat. 557-579 (1910),128023,Coconino,N,,19N,11E,8,19N - 11E - 8,ALL,640,PERM COMMON SCHOOLS (INDMTY SELEC)
AZ,State Land Department,Subsurface,146 Stat. 557-579 (1910),128024,Coconino,N,,19N,11E,12,19N - 11E - 12,W2W2,160,PERM COMMON SCHOOLS (INDMTY SELEC)
AZ,State Land Department,Subsurface,147 Stat. 557-579 (1910),128025,Coconino,N,,20N,12E,30,20N - 12E - 30,L1 TO 4 E2W2 E2,632.16,PERM COMMON SCHOOLS (INDMTY SELEC)
AZ,State Land Department,Subsurface,148 Stat. 557-579 (1910),128026,Coconino,N,,20N,12E,26,20N - 12E - 26,ALL,640,PERM COMMON SCHOOLS (INDMTY SELEC)
AZ,State Land Department,Subsurface,149 Stat. 557-579 (1910),128028,Coconino,N,,20N,11E,30,20N - 11E - 30,L1 TO 4 E2W2 E2,710.45,PERM COMMON SCHOOLS (INDMTY SELEC)
AZ,State Land Department,Subsurface,150 Stat. 557-579 (1910),128029,Coconino,N,,20N,11E,28,20N - 11E - 28,ALL,640,PERM COMMON SCHOOLS (INDMTY SELEC)
AZ,State Land Department,Subsurface,151 Stat. 557-579 (1910),128030,Coconino,N,,20N,11E,26,20N - 11E - 26,ALL,640,PERM COMMON SCHOOLS (INDMTY SELEC)
AZ,State Land Department,Subsurface,152 Stat. 557-579 (1910),128031,Coconino,N,,20N,10E,26,20N - 10E - 26,ALL,640,PERM COMMON SCHOOLS (INDMTY SELEC)
AZ,State Land Department,Subsurface,153 Stat. 557-579 (1910),128034,Coconino,N,,20N,12E,34,20N - 12E - 34,ALL,640,PERM COMMON SCHOOLS (INDMTY SELEC)
AZ,State Land Department,Subsurface,154 Stat. 557-579 (1910),128036,Coconino,N,,20N,11E,34,20N - 11E - 34,ALL,640,PERM COMMON SCHOOLS (INDMTY SELEC)
AZ,State Land Department,Subsurface,155 Stat. 557-579 (1910),128040,Coconino,N,,19N,12E,4,19N - 12E - 4,L1 TO 4 S2N2 S2,637.92,PERM COMMON SCHOOLS (INDMTY SELEC)
AZ,State Land Department,Subsurface,156 Stat. 557-579 (1910),128041,Coconino,N,,19N,12E,6,19N - 12E - 6,LOTS 1 THRU 7 S2NE SENW E2SW SE,630.04,PERM COMMON SCHOOLS (INDMTY SELEC)
AZ,State Land Department,Subsurface,157 Stat. 557-579 (1910),128042,Coconino,N,,19N,11E,6,19N - 11E - 6,L1 TO 4 E2W2 E2,703.43,PERM COMMON SCHOOLS (INDMTY SELEC)
AZ,State Land Department,Subsurface,158 Stat. 557-579 (1910),128043,Coconino,N,,19N,11E,4,19N - 11E - 4,ALL,640,PERM COMMON SCHOOLS (INDMTY SELEC)
AZ,State Land Department,Subsurface,159 Stat. 557-579 (1910),128044,Coconino,N,,20N,12E,8,20N - 12E - 8,ALL,640,PERM COMMON SCHOOLS (INDMTY SELEC)
AZ,State Land Department,Subsurface,160 Stat. 557-579 (1910),128045,Coconino,N,,20N,12E,10,20N - 12E - 10,ALL,640,PERM COMMON SCHOOLS (INDMTY SELEC)
AZ,State Land Department,Subsurface,161 Stat. 557-579 (1910),128048,Coconino,N,,20N,12E,12,20N - 12E - 12,ALL,640,PERM COMMON SCHOOLS (INDMTY SELEC)
AZ,State Land Department,Subsurface,162 Stat. 557-579 (1910),128049,Coconino,N,,20N,10E,12,20N - 10E - 12,ALL,640,PERM COMMON SCHOOLS (INDMTY SELEC)
AZ,State Land Department,Subsurface,163 Stat. 557-579 (1910),128050,Coconino,N,,20N,11E,8,20N - 11E - 8,ALL,640,PERM COMMON SCHOOLS (INDMTY SELEC)
AZ,State Land Department,Subsurface,164 Stat. 557-579 (1910),128051,Coconino,N,,20N,11E,10,20N - 11E - 10,ALL EX M&B IN NENENE,639.92,PERM COMMON SCHOOLS (INDMTY SELEC)
AZ,State Land Department,Subsurface,165 Stat. 557-579 (1910),128052,Coconino,N,,20N,11E,12,20N - 11E - 12,NE N2NW AND S2NW NESW SE LY N OF 95-98643,414.66,PERM COMMON SCHOOLS (INDMTY SELEC)
AZ,State Land Department,Subsurface,166 Stat. 557-579 (1910),128053,Coconino,N,,20N,11E,12,20N - 11E - 12,SWSW AND SWSWNW N2SW SE LY S OF 95-98643,149.33,PERM COMMON SCHOOLS (INDMTY SELEC)
AZ,State Land Department,Subsurface,167 Stat. 557-579 (1910),128060,Coconino,N,,19N,11E,20,19N - 11E - 20,SESW S2SE,120,PERM COMMON SCHOOLS (INDMTY SELEC)
AZ,State Land Department,Subsurface,168 Stat. 557-579 (1910),128072,Coconino,N,,19N,11E,26,19N - 11E - 26,ALL,640,PERM COMMON SCHOOLS (INDMTY SELEC)
AZ,State Land Department,Subsurface,169 Stat. 557-579 (1910),128073,Coconino,N,,19N,11E,28,19N - 11E - 28,ALL,640,PERM COMMON SCHOOLS (INDMTY SELEC)
AZ,State Land Department,Subsurface,170 Stat. 557-579 (1910),128087,Coconino,N,,19N,14E,20,19N - 14E - 20,ALL,640,PERM COMMON SCHOOLS (INDMTY SELEC)
AZ,State Land Department,Subsurface,171 Stat. 557-579 (1910),128093,Coconino,N,,19N,11E,18,19N - 11E - 18,LOT 1,52.17,PERM COMMON SCHOOLS (INDMTY SELEC)
AZ,State Land Department,Subsurface,172 Stat. 557-579 (1910),128094,Coconino,N,,19N,11E,18,19N - 11E - 18,E2E2,160,PERM COMMON SCHOOLS (INDMTY SELEC)
AZ,State Land Department,Subsurface,173 Stat. 557-579 (1910),128095,Coconino,N,,19N,11E,14,19N - 11E - 14,ALL,640,PERM COMMON SCHOOLS (INDMTY SELEC)
AZ,State Land Department,Subsurface,174 Stat. 557-579 (1910),128100,Coconino,N,,17N,15E,6,17N - 15E - 6,L1 TO 4 E2W2 E2,640.4,PERM COMMON SCHOOLS (INDMTY SELEC)
AZ,State Land Department,Subsurface,175 Stat. 557-579 (1910),128105,Coconino,N,,17N,15E,8,17N - 15E - 8,ALL,640,PERM COMMON SCHOOLS (INDMTY SELEC)
AZ,State Land Department,Subsurface,176 Stat. 557-579 (1910),128108,Coconino,N,,17N,15E,18,17N - 15E - 18,L1 TO 4 E2W2 E2,641.8,PERM COMMON SCHOOLS (INDMTY SELEC)
AZ,State Land Department,Subsurface,177 Stat. 557-579 (1910),128113,Coconino,N,,17N,15E,20,17N - 15E - 20,ALL,640,PERM COMMON SCHOOLS (INDMTY SELEC)
AZ,State Land Department,Subsurface,178 Stat. 557-579 (1910),128118,Coconino,N,,17N,15E,30,17N - 15E - 30,L1 TO 4 E2W2 E2,642.56,PERM COMMON SCHOOLS (INDMTY SELEC)
AZ,State Land Department,Subsurface,179 Stat. 557-579 (1910),128123,Coconino,N,,18N,15E,30,18N - 15E - 30,ALL,640,PERM COMMON SCHOOLS (INDMTY SELEC)
AZ,State Land Department,Subsurface,180 Stat. 557-579 (1910),128129,Coconino,N,,16N,15E,8,16N - 15E - 8,ALL,640,PERM COMMON SCHOOLS (INDMTY SELEC)
AZ,State Land Department,Subsurface,181 Stat. 557-579 (1910),128130,Coconino,N,,16N,15E,18,16N - 15E - 18,LOT 1,49.5,PERM COMMON SCHOOLS (INDMTY SELEC)
AZ,State Land Department,Subsurface,182 Stat. 557-579 (1910),128133,Coconino,N,,15N,15E,8,15N - 15E - 8,ALL,640,PERM COMMON SCHOOLS (INDMTY SELEC)
AZ,State Land Department,Subsurface,183 Stat. 557-579 (1910),128134,Coconino,N,,16N,15E,20,16N - 15E - 20,ALL,640,PERM COMMON SCHOOLS (INDMTY SELEC)
AZ,State Land Department,Subsurface,184 Stat. 557-579 (1910),128135,Coconino,N,,16N,15E,28,16N - 15E - 28,ALL,640,PERM COMMON SCHOOLS (INDMTY SELEC)
AZ,State Land Department,Subsurface,185 Stat. 557-579 (1910),128136,Coconino,N,,16N,15E,30,16N - 15E - 30,L1 TO 4 E2W2 E2,679.64,PERM COMMON SCHOOLS (INDMTY SELEC)
AZ,State Land Department,Subsurface,186 Stat. 557-579 (1910),128139,Coconino,N,,16N,15E,4,16N - 15E - 4,LOTS 1 THRU 20 S2,1112.08,PERM COMMON SCHOOLS (INDMTY SELEC)
AZ,State Land Department,Subsurface,187 Stat. 557-579 (1910),128218,Coconino,N,,15N,15E,10,15N - 15E - 10,W2W2W2W2 LY W OF COUNTY LINE,31.65,PERM COMMON SCHOOLS (INDMTY SELEC)
AZ,State Land Department,Subsurface,188 Stat. 557-579 (1910),128423,Coconino,N,,17N,14E,28,17N - 14E - 28,ALL,640,PERM COMMON SCHOOLS (INDMTY SELEC)
AZ,State Land Department,Subsurface,189 Stat. 557-579 (1910),128424,Coconino,N,,17N,14E,14,17N - 14E - 14,ALL,640,PERM COMMON SCHOOLS (INDMTY SELEC)
AZ,State Land Department,Subsurface,190 Stat. 557-579 (1910),128425,Coconino,N,,17N,13E,8,17N - 13E - 8,ALL,640,PERM COMMON SCHOOLS (INDMTY SELEC)
AZ,State Land Department,Subsurface,191 Stat. 557-579 (1910),128426,Coconino,N,,17N,14E,12,17N - 14E - 12,ALL,640,PERM COMMON SCHOOLS (INDMTY SELEC)
AZ,State Land Department,Subsurface,192 Stat. 557-579 (1910),128427,Coconino,N,,17N,13E,24,17N - 13E - 24,ALL,640,PERM COMMON SCHOOLS (INDMTY SELEC)
AZ,State Land Department,Subsurface,193 Stat. 557-579 (1910),128428,Coconino,N,,17N,13E,6,17N - 13E - 6,L1 TO 4 E2W2 E2,663.12,PERM COMMON SCHOOLS (INDMTY SELEC)
AZ,State Land Department,Subsurface,194 Stat. 557-579 (1910),128429,Coconino,N,,17N,14E,18,17N - 14E - 18,LOT 1 THRU 4 E2W2 E2,641.52,PERM COMMON SCHOOLS (INDMTY SELEC)
AZ,State Land Department,Subsurface,195 Stat. 557-579 (1910),128430,Coconino,N,,17N,13E,20,17N - 13E - 20,ALL,640,PERM COMMON SCHOOLS (INDMTY SELEC)
AZ,State Land Department,Subsurface,196 Stat. 557-579 (1910),128431,Coconino,N,,17N,13E,28,17N - 13E - 28,ALL,640,PERM COMMON SCHOOLS (INDMTY SELEC)
AZ,State Land Department,Subsurface,197 Stat. 557-579 (1910),128432,Coconino,N,,17N,13E,30,17N - 13E - 30,L1 TO 4 E2W2 E2,664.52,PERM COMMON SCHOOLS (INDMTY SELEC)
AZ,State Land Department,Subsurface,198 Stat. 557-579 (1910),128433,Coconino,N,,17N,13E,22,17N - 13E - 22,ALL,640,PERM COMMON SCHOOLS (INDMTY SELEC)
AZ,State Land Department,Subsurface,199 Stat. 557-579 (1910),128434,Coconino,N,,17N,13E,18,17N - 13E - 18,L1 TO 4 E2W2 E2,664.76,PERM COMMON SCHOOLS (INDMTY SELEC)
AZ,State Land Department,Subsurface,200 Stat. 557-579 (1910),128436,Coconino,N,,17N,13E,12,17N - 13E - 12,ALL,640,PERM COMMON SCHOOLS (INDMTY SELEC)
AZ,State Land Department,Subsurface,201 Stat. 557-579 (1910),128437,Coconino,N,,17N,14E,30,17N - 14E - 30,LOTS 1 THRU 4 E2W2 E2,642.92,PERM COMMON SCHOOLS (INDMTY SELEC)
AZ,State Land Department,Subsurface,202 Stat. 557-579 (1910),128438,Coconino,N,,17N,14E,10,17N - 14E - 10,ALL,640,PERM COMMON SCHOOLS (INDMTY SELEC)
AZ,State Land Department,Subsurface,203 Stat. 557-579 (1910),128439,Coconino,N,,17N,14E,24,17N - 14E - 24,ALL,640,PERM COMMON SCHOOLS (INDMTY SELEC)
AZ,State Land Department,Subsurface,204 Stat. 557-579 (1910),128440,Coconino,N,,17N,13E,10,17N - 13E - 10,ALL,640,PERM COMMON SCHOOLS (INDMTY SELEC)
AZ,State Land Department,Subsurface,205 Stat. 557-579 (1910),128441,Coconino,N,,17N,14E,20,17N - 14E - 20,ALL,640,PERM COMMON SCHOOLS (INDMTY SELEC)
AZ,State Land Department,Subsurface,206 Stat. 557-579 (1910),128442,Coconino,N,,17N,13E,26,17N - 13E - 26,ALL,640,PERM COMMON SCHOOLS (INDMTY SELEC)
AZ,State Land Department,Subsurface,207 Stat. 557-579 (1910),128443,Coconino,N,,17N,14E,34,17N - 14E - 34,L1 TO 4 N2S2 N2,586.59,PERM COMMON SCHOOLS (INDMTY SELEC)
AZ,State Land Department,Subsurface,208 Stat. 557-579 (1910),128444,Coconino,N,,17N,14E,8,17N - 14E - 8,ALL,640,PERM COMMON SCHOOLS (INDMTY SELEC)
AZ,State Land Department,Subsurface,209 Stat. 557-579 (1910),128445,Coconino,N,,17N,13E,4,17N - 13E - 4,ALL,640,PERM COMMON SCHOOLS (INDMTY SELEC)
AZ,State Land Department,Subsurface,210 Stat. 557-579 (1910),128446,Coconino,N,,17N,13E,14,17N - 13E - 14,ALL,640,PERM COMMON SCHOOLS (INDMTY SELEC)
AZ,State Land Department,Subsurface,211 Stat. 557-579 (1910),128447,Coconino,N,,17N,14E,4,17N - 14E - 4,ALL,640,PERM COMMON SCHOOLS (INDMTY SELEC)
AZ,State Land Department,Subsurface,212 Stat. 557-579 (1910),128448,Coconino,N,,17N,14E,22,17N - 14E - 22,ALL,640,PERM COMMON SCHOOLS (INDMTY SELEC)
AZ,State Land Department,Subsurface,213 Stat. 557-579 (1910),128449,Coconino,N,,17N,14E,6,17N - 14E - 6,L1 TO 4 E2W2 E2,640.36,PERM COMMON SCHOOLS (INDMTY SELEC)
AZ,State Land Department,Subsurface,214 Stat. 557-579 (1910),128450,Coconino,N,,17N,14E,26,17N - 14E - 26,ALL,640,PERM COMMON SCHOOLS (INDMTY SELEC)
AZ,State Land Department,Subsurface,215 Stat. 557-579 (1910),128451,Coconino,N,,19N,14E,10,19N - 14E - 10,ALL,640,PERM COMMON SCHOOLS (INDMTY SELEC)
AZ,State Land Department,Subsurface,216 Stat. 557-579 (1910),128457,Coconino,N,,19N,14E,22,19N - 14E - 22,ALL,640,PERM COMMON SCHOOLS (INDMTY SELEC)
AZ,State Land Department,Subsurface,217 Stat. 557-579 (1910),128458,Coconino,N,,19N,14E,34,19N - 14E - 34,ALL,640,PERM COMMON SCHOOLS (INDMTY SELEC)
AZ,State Land Department,Subsurface,218 Stat. 557-579 (1910),128459,Coconino,N,,19N,14E,26,19N - 14E - 26,ALL,640,PERM COMMON SCHOOLS (INDMTY SELEC)
AZ,State Land Department,Subsurface,219 Stat. 557-579 (1910),128460,Coconino,N,,19N,14E,28,19N - 14E - 28,ALL,640,PERM COMMON SCHOOLS (INDMTY SELEC)
AZ,State Land Department,Subsurface,220 Stat. 557-579 (1910),128466,Coconino,N,,16N,14E,12,16N - 14E - 12,N2NW,80,PERM COMMON SCHOOLS (INDMTY SELEC)
AZ,State Land Department,Subsurface,221 Stat. 557-579 (1910),128653,Coconino,N,,18N,13E,12,18N - 13E - 12,ALL,640,PERM COMMON SCHOOLS (INDMTY SELEC)
AZ,State Land Department,Subsurface,222 Stat. 557-579 (1910),128654,Coconino,N,,18N,14E,4,18N - 14E - 4,L1 TO 4 S2N2 S2,675.16,PERM COMMON SCHOOLS (INDMTY SELEC)
AZ,State Land Department,Subsurface,223 Stat. 557-579 (1910),128655,Coconino,N,,18N,13E,14,18N - 13E - 14,ALL,640,PERM COMMON SCHOOLS (INDMTY SELEC)
AZ,State Land Department,Subsurface,224 Stat. 557-579 (1910),128656,Coconino,N,,18N,14E,34,18N - 14E - 34,ALL,640,PERM COMMON SCHOOLS (INDMTY SELEC)
AZ,State Land Department,Subsurface,225 Stat. 557-579 (1910),128657,Coconino,N,,18N,14E,8,18N - 14E - 8,ALL,640,PERM COMMON SCHOOLS (INDMTY SELEC)
AZ,State Land Department,Subsurface,226 Stat. 557-579 (1910),128658,Coconino,N,,18N,13E,22,18N - 13E - 22,ALL,640,PERM COMMON SCHOOLS (INDMTY SELEC)
AZ,State Land Department,Subsurface,227 Stat. 557-579 (1910),128659,Coconino,N,,18N,14E,30,18N - 14E - 30,ALL,640,PERM COMMON SCHOOLS (INDMTY SELEC)
AZ,State Land Department,Subsurface,228 Stat. 557-579 (1910),128660,Coconino,N,,18N,13E,24,18N - 13E - 24,ALL,640,PERM COMMON SCHOOLS (INDMTY SELEC)
AZ,State Land Department,Subsurface,229 Stat. 557-579 (1910),128661,Coconino,N,,18N,13E,34,18N - 13E - 34,ALL,640,PERM COMMON SCHOOLS (INDMTY SELEC)
AZ,State Land Department,Subsurface,230 Stat. 557-579 (1910),128662,Coconino,N,,18N,13E,28,18N - 13E - 28,ALL,640,PERM COMMON SCHOOLS (INDMTY SELEC)
AZ,State Land Department,Subsurface,231 Stat. 557-579 (1910),128663,Coconino,N,,18N,14E,28,18N - 14E - 28,ALL,640,PERM COMMON SCHOOLS (INDMTY SELEC)
AZ,State Land Department,Subsurface,232 Stat. 557-579 (1910),128667,Coconino,N,,18N,13E,26,18N - 13E - 26,ALL,640,PERM COMMON SCHOOLS (INDMTY SELEC)
AZ,State Land Department,Subsurface,233 Stat. 557-579 (1910),128668,Coconino,N,,18N,14E,26,18N - 14E - 26,ALL,640,PERM COMMON SCHOOLS (INDMTY SELEC)
AZ,State Land Department,Subsurface,234 Stat. 557-579 (1910),128669,Coconino,N,,18N,14E,14,18N - 14E - 14,ALL,640,PERM COMMON SCHOOLS (INDMTY SELEC)
AZ,State Land Department,Subsurface,235 Stat. 557-579 (1910),128670,Coconino,N,,18N,14E,6,18N - 14E - 6,L1 TO 4 S2N2 S2,674.56,PERM COMMON SCHOOLS (INDMTY SELEC)
AZ,State Land Department,Subsurface,236 Stat. 557-579 (1910),128671,Coconino,N,,18N,14E,22,18N - 14E - 22,ALL,640,PERM COMMON SCHOOLS (INDMTY SELEC)
AZ,State Land Department,Subsurface,237 Stat. 557-579 (1910),128672,Coconino,N,,18N,14E,24,18N - 14E - 24,L1 TO 4 W2E2 W2,637.48,PERM COMMON SCHOOLS (INDMTY SELEC)
AZ,State Land Department,Subsurface,238 Stat. 557-579 (1910),128673,Coconino,N,,18N,14E,12,18N - 14E - 12,L1 TO 4 W2E2 W2,635.52,PERM COMMON SCHOOLS (INDMTY SELEC)
AZ,State Land Department,Subsurface,239 Stat. 557-579 (1910),128674,Coconino,N,,18N,14E,20,18N - 14E - 20,ALL,640,PERM COMMON SCHOOLS (INDMTY SELEC)
AZ,State Land Department,Subsurface,240 Stat. 557-579 (1910),128675,Coconino,N,,18N,14E,10,18N - 14E - 10,ALL,640,PERM COMMON SCHOOLS (INDMTY SELEC)
AZ,State Land Department,Subsurface,241 Stat. 557-579 (1910),128676,Coconino,N,,18N,14E,18,18N - 14E - 18,ALL,640,PERM COMMON SCHOOLS (INDMTY SELEC)
AZ,State Land Department,Subsurface,242 Stat. 557-579 (1910),128702,Coconino,N,,19N,14E,18,19N - 14E - 18,ALL,640,PERM COMMON SCHOOLS (INDMTY SELEC)
AZ,State Land Department,Subsurface,243 Stat. 557-579 (1910),128703,Coconino,N,,19N,14E,30,19N - 14E - 30,ALL,640,PERM COMMON SCHOOLS (INDMTY SELEC)
AZ,State Land Department,Subsurface,244 Stat. 557-579 (1910),128974,Coconino,N,,16N,15E,10,16N - 15E - 10,W2W2W2W2 LY W OF COUNTY LINE,26.4,PERM COMMON SCHOOLS (INDMTY SELEC)
AZ,State Land Department,Subsurface,245 Stat. 557-579 (1910),129011,Coconino,N,,16N,12E,12,16N - 12E - 12,ALL,640,SCHOOL OF MINES
AZ,State Land Department,Subsurface,246 Stat. 557-579 (1910),129013,Coconino,N,,16N,12E,14,16N - 12E - 14,ALL,640,SCHOOL OF MINES
AZ,State Land Department,Subsurface,247 Stat. 557-579 (1910),129022,Coconino,N,,15N,15E,22,15N - 15E - 22,W2W2W2W2 LY W OF COUNTY LINE,27.79,SCHOOL OF MINES
AZ,State Land Department,Subsurface,248 Stat. 557-579 (1910),129054,Coconino,N,,20N,12E,28,20N - 12E - 28,ALL,640,UNIVERSITY
AZ,State Land Department,Subsurface,249 Stat. 557-579 (1910),129153,Coconino,N,,15N,15E,4,15N - 15E - 4,S2,320,COUNTY BOND
AZ,State Land Department,Subsurface,250 Stat. 557-579 (1910),129187,Coconino,N,,16N,13E,4,16N - 13E - 4,L1 TO 16 S2,914.4,COUNTY BOND
AZ,State Land Department,Subsurface,251 Stat. 557-579 (1910),129188,Coconino,N,,16N,13E,10,16N - 13E - 10,ALL,640,COUNTY BOND
AZ,State Land Department,Subsurface,252 Stat. 557-579 (1910),129189,Coconino,N,,16N,13E,12,16N - 13E - 12,ALL,640,COUNTY BOND
AZ,State Land Department,Subsurface,253 Stat. 557-579 (1910),129190,Coconino,N,,16N,13E,22,16N - 13E - 22,ALL,640,COUNTY BOND
AZ,State Land Department,Subsurface,254 Stat. 557-579 (1910),129191,Coconino,N,,16N,13E,8,16N - 13E - 8,ALL,640,COUNTY BOND
AZ,State Land Department,Subsurface,255 Stat. 557-579 (1910),129193,Coconino,N,,16N,13E,14,16N - 13E - 14,ALL,640,COUNTY BOND
AZ,State Land Department,Subsurface,256 Stat. 557-579 (1910),134378,Navajo,N,,18N,16E,32,18N - 16E - 32,ALL,640,PERM COMMON SCHOOLS
AZ,State Land Department,Subsurface,257 Stat. 557-579 (1910),134380,Navajo,N,,18N,16E,36,18N - 16E - 36,ALL,640,PERM COMMON SCHOOLS
AZ,State Land Department,Subsurface,258 Stat. 557-579 (1910),134383,Navajo,N,,17N,16E,16,17N - 16E - 16,ALL,640,PERM COMMON SCHOOLS
AZ,State Land Department,Subsurface,259 Stat. 557-579 (1910),134473,Navajo,N,,18N,17E,16,18N - 17E - 16,ALL,640,PERM COMMON SCHOOLS
AZ,State Land Department,Subsurface,260 Stat. 557-579 (1910),134475,Navajo,N,,18N,15E,36,18N - 15E - 36,L1-4 W2E2 W2,639.2,PERM COMMON SCHOOLS
AZ,State Land Department,Subsurface,261 Stat. 557-579 (1910),134478,Navajo,N,,18N,17E,32,18N - 17E - 32,ALL,640,PERM COMMON SCHOOLS
AZ,State Land Department,Subsurface,262 Stat. 557-579 (1910),134482,Navajo,N,,17N,16E,2,17N - 16E - 2,LOTS 1 THRU 4 S2N2 S2,599.44,PERM COMMON SCHOOLS
AZ,State Land Department,Subsurface,263 Stat. 557-579 (1910),134483,Navajo,N,,17N,15E,2,17N - 15E - 2,ALL,640,PERM COMMON SCHOOLS
AZ,State Land Department,Subsurface,264 Stat. 557-579 (1910),134491,Navajo,N,,17N,16E,32,17N - 16E - 32,ALL,640,PERM COMMON SCHOOLS
AZ,State Land Department,Subsurface,265 Stat. 557-579 (1910),134492,Navajo,N,,17N,15E,36,17N - 15E - 36,L1-4 N2 N2S2,598.24,PERM COMMON SCHOOLS
AZ,State Land Department,Subsurface,266 Stat. 557-579 (1910),134501,Navajo,N,,17N,17E,16,17N - 17E - 16,ALL,640,PERM COMMON SCHOOLS
AZ,State Land Department,Subsurface,267 Stat. 557-579 (1910),134527,Navajo,N,,16N,16E,32,16N - 16E - 32,ALL,640,PERM COMMON SCHOOLS
AZ,State Land Department,Subsurface,268 Stat. 557-579 (1910),134528,Navajo,N,,16N,15E,36,16N - 15E - 36,ALL,640,PERM COMMON SCHOOLS
AZ,State Land Department,Subsurface,269 Stat. 557-579 (1910),134534,Navajo,N,,15N,15E,2,15N - 15E - 2,L1 TO 4 S2N2 S2,641.4,PERM COMMON SCHOOLS
AZ,State Land Department,Subsurface,270 Stat. 557-579 (1910),134535,Navajo,N,,16N,15E,2,16N - 15E - 2,L1-20 S2,1111.56,PERM COMMON SCHOOLS
AZ,State Land Department,Subsurface,271 Stat. 557-579 (1910),134658,Navajo,N,,17N,16E,8,17N - 16E - 8,ALL,640,PERM COMMON SCHOOLS (INDMTY SELEC)
AZ,State Land Department,Subsurface,272 Stat. 557-579 (1910),134659,Navajo,N,,17N,15E,14,17N - 15E - 14,ALL,640,PERM COMMON SCHOOLS (INDMTY SELEC)
AZ,State Land Department,Subsurface,273 Stat. 557-579 (1910),134660,Navajo,N,,17N,16E,30,17N - 16E - 30,ALL,640,PERM COMMON SCHOOLS (INDMTY SELEC)
AZ,State Land Department,Subsurface,274 Stat. 557-579 (1910),134661,Navajo,N,,17N,16E,34,17N - 16E - 34,ALL,640,PERM COMMON SCHOOLS (INDMTY SELEC)
AZ,State Land Department,Subsurface,275 Stat. 557-579 (1910),134663,Navajo,N,,17N,15E,10,17N - 15E - 10,ALL,640,PERM COMMON SCHOOLS (INDMTY SELEC)
AZ,State Land Department,Subsurface,276 Stat. 557-579 (1910),134664,Navajo,N,,17N,16E,18,17N - 16E - 18,ALL,640,PERM COMMON SCHOOLS (INDMTY SELEC)
AZ,State Land Department,Subsurface,277 Stat. 557-579 (1910),134681,Navajo,N,,17N,15E,28,17N - 15E - 28,PT OF E2E2E2,44.86,PERM COMMON SCHOOLS (INDMTY SELEC)
AZ,State Land Department,Subsurface,278 Stat. 557-579 (1910),134762,Navajo,N,,18N,17E,22,18N - 17E - 22,ALL,640,PERM COMMON SCHOOLS (INDMTY SELEC)
AZ,State Land Department,Subsurface,279 Stat. 557-579 (1910),134763,Navajo,N,,18N,17E,20,18N - 17E - 20,ALL,640,PERM COMMON SCHOOLS (INDMTY SELEC)
AZ,State Land Department,Subsurface,280 Stat. 557-579 (1910),134770,Navajo,N,,18N,17E,4,18N - 17E - 4,L1 TO 4 S2N2 S2,638.94,PERM COMMON SCHOOLS (INDMTY SELEC)
AZ,State Land Department,Subsurface,281 Stat. 557-579 (1910),134771,Navajo,N,,18N,17E,6,18N - 17E - 6,L1 TO 7 S2NE SENW E2SW SE,632.68,PERM COMMON SCHOOLS (INDMTY SELEC)
AZ,State Land Department,Subsurface,282 Stat. 557-579 (1910),134776,Navajo,N,,18N,17E,8,18N - 17E - 8,S2SE SW N2N2 S2NW NWSE,520,PERM COMMON SCHOOLS (INDMTY SELEC)
AZ,State Land Department,Subsurface,283 Stat. 557-579 (1910),134792,Navajo,N,,17N,17E,4,17N - 17E - 4,LOTS 1 THRU 4 S2N2 S2,629.05,PERM COMMON SCHOOLS (INDMTY SELEC)
AZ,State Land Department,Subsurface,284 Stat. 557-579 (1910),134793,Navajo,N,,17N,16E,6,17N - 16E - 6,LOTS 1 THRU 4 S2N2 S2,622.68,PERM COMMON SCHOOLS (INDMTY SELEC)
AZ,State Land Department,Subsurface,285 Stat. 557-579 (1910),134795,Navajo,N,,17N,15E,12,17N - 15E - 12,ALL,640,PERM COMMON SCHOOLS (INDMTY SELEC)
AZ,State Land Department,Subsurface,286 Stat. 557-579 (1910),134798,Navajo,N,,17N,15E,34,17N - 15E - 34,L1-4 N2 N2S2,594.2,PERM COMMON SCHOOLS (INDMTY SELEC)
AZ,State Land Department,Subsurface,287 Stat. 557-579 (1910),134802,Navajo,N,,17N,16E,20,17N - 16E - 20,ALL,640,PERM COMMON SCHOOLS (INDMTY SELEC)
AZ,State Land Department,Subsurface,288 Stat. 557-579 (1910),134805,Navajo,N,,17N,15E,24,17N - 15E - 24,ALL,640,PERM COMMON SCHOOLS (INDMTY SELEC)
AZ,State Land Department,Subsurface,289 Stat. 557-579 (1910),134808,Navajo,N,,17N,16E,28,17N - 16E - 28,ALL,640,PERM COMMON SCHOOLS (INDMTY SELEC)
AZ,State Land Department,Subsurface,290 Stat. 557-579 (1910),134809,Navajo,N,,17N,15E,26,17N - 15E - 26,ALL,640,PERM COMMON SCHOOLS (INDMTY SELEC)
AZ,State Land Department,Subsurface,291 Stat. 557-579 (1910),134812,Navajo,N,,16N,15E,12,16N - 15E - 12,ALL,640,PERM COMMON SCHOOLS (INDMTY SELEC)
AZ,State Land Department,Subsurface,292 Stat. 557-579 (1910),134814,Navajo,N,,16N,16E,18,16N - 16E - 18,ALL,640,PERM COMMON SCHOOLS (INDMTY SELEC)
AZ,State Land Department,Subsurface,293 Stat. 557-579 (1910),134816,Navajo,N,,16N,15E,14,16N - 15E - 14,ALL,640,PERM COMMON SCHOOLS (INDMTY SELEC)
AZ,State Land Department,Subsurface,294 Stat. 557-579 (1910),134821,Navajo,N,,15N,15E,10,15N - 15E - 10,E2 E2W2 E2W2W2 AND E2W2W2W2 LY E OF COUNTY LINE,608.35,PERM COMMON SCHOOLS (INDMTY SELEC)
AZ,State Land Department,Subsurface,295 Stat. 557-579 (1910),134823,Navajo,N,,16N,15E,24,16N - 15E - 24,ALL,640,PERM COMMON SCHOOLS (INDMTY SELEC)
AZ,State Land Department,Subsurface,296 Stat. 557-579 (1910),134824,Navajo,N,,16N,15E,22,16N - 15E - 22,E2 E2W2 E2W2W2 AND E2W2W2W2 LY E OF COUNTY LINE,614.59,PERM COMMON SCHOOLS (INDMTY SELEC)
AZ,State Land Department,Subsurface,297 Stat. 557-579 (1910),134826,Navajo,N,,16N,16E,30,16N - 16E - 30,ALL,640,PERM COMMON SCHOOLS (INDMTY SELEC)
AZ,State Land Department,Subsurface,298 Stat. 557-579 (1910),134827,Navajo,N,,16N,15E,26,16N - 15E - 26,ALL,640,PERM COMMON SCHOOLS (INDMTY SELEC)
AZ,State Land Department,Subsurface,299 Stat. 557-579 (1910),134829,Navajo,N,,16N,15E,34,16N - 15E - 34,E2 E2W2 E2W2W2 AND E2W2W2W2 LY E OF COUNTY LINE,611.73,PERM COMMON SCHOOLS (INDMTY SELEC)
AZ,State Land Department,Subsurface,300 Stat. 557-579 (1910),134832,Navajo,N,,16N,16E,6,16N - 16E - 6,L1-16 S2,877.14,PERM COMMON SCHOOLS (INDMTY SELEC)
AZ,State Land Department,Subsurface,301 Stat. 557-579 (1910),134833,Navajo,N,,16N,16E,4,16N - 16E - 4,L1-16 S2,874.92,PERM COMMON SCHOOLS (INDMTY SELEC)
AZ,State Land Department,Subsurface,302 Stat. 557-579 (1910),134835,Navajo,N,,16N,16E,8,16N - 16E - 8,ALL,640,PERM COMMON SCHOOLS (INDMTY SELEC)
AZ,State Land Department,Subsurface,303 Stat. 557-579 (1910),134910,Navajo,N,,16N,15E,10,16N - 15E - 10,E2 E2W2 E2W2W2 AND E2W2W2W2 LY E OF COUNTY LINE,613.6,PERM COMMON SCHOOLS (INDMTY SELEC)
AZ,State Land Department,Subsurface,304 Stat. 557-579 (1910),134923,Navajo,N,,15N,15E,24,15N - 15E - 24,ALL,640,SCHOOL OF MINES
AZ,State Land Department,Subsurface,305 Stat. 557-579 (1910),134924,Navajo,N,,15N,15E,22,15N - 15E - 22,E2 E2W2 E2W2W2 AND E2W2W2W2 LY E OF COUNTY LINE,612.21,SCHOOL OF MINES
AZ,State Land Department,Subsurface,306 Stat. 557-579 (1910),134925,Navajo,N,,15N,15E,12,15N - 15E - 12,E2,320,SCHOOL OF MINES
AZ,State Land Department,Subsurface,307 Stat. 557-579 (1910),127543,Coconino,N,,26N,8W,2,26N - 8W - 2,LOTS 1 THRU 3 E2SE SWSE,235.69,PERM COMMON SCHOOLS
AZ,State Land Department,Subsurface,308 Stat. 557-579 (1910),127611,Coconino,N,,27N,7W,16,27N - 7W - 16,L1,6.26,PERM COMMON SCHOOLS
AZ,State Land Department,Subsurface,309 Stat. 557-579 (1910),127612,Coconino,N,,26N,8W,16,26N - 8W - 16,LOTS 1 THRU 4 SENE S2SW SE,439.58,PERM COMMON SCHOOLS
AZ,State Land Department,Subsurface,310 Stat. 557-579 (1910),127613,Coconino,N,,25N,9W,2,25N - 9W - 2,LOTS 1 THRU 4 S2N2 S2,638.84,PERM COMMON SCHOOLS
AZ,State Land Department,Subsurface,311 Stat. 557-579 (1910),127635,Coconino,N,,27N,8W,36,27N - 8W - 36,LOTS 1 THRU 3 SESE,148.96,PERM COMMON SCHOOLS
AZ,State Land Department,Subsurface,312 Stat. 557-579 (1910),127646,Coconino,N,,26N,9W,36,26N - 9W - 36,LOTS 1 2 E2 S2NW SW,621.28,PERM COMMON SCHOOLS
AZ,State Land Department,Subsurface,313 Stat. 557-579 (1910),127862,Coconino,N,,29N,6W,36,29N - 6W - 36,LOTS 1 THRU 4 E2E2,285.04,PERM COMMON SCHOOLS
AZ,State Land Department,Subsurface,314 Stat. 557-579 (1910),127894,Coconino,N,,28N,6W,32,28N - 6W - 32,LOTS 1 THRU 3 NENE S2NE NESW S2SW SE,534.56,PERM COMMON SCHOOLS
AZ,State Land Department,Subsurface,315 Stat. 557-579 (1910),127917,Coconino,N,,30N,6W,36,30N - 6W - 36,LOTS 1 THRU 4 E2E2,283.08,PERM COMMON SCHOOLS
AZ,State Land Department,Subsurface,316 Stat. 557-579 (1910),127921,Coconino,N,,31N,6W,36,31N - 6W - 36,LOTS 1 THRU 4 E2E2,277.32,PERM COMMON SCHOOLS
AZ,State Land Department,Subsurface,317 Stat. 557-579 (1910),127933,Coconino,N,,32N,6W,36,32N - 6W - 36,LOTS 1 THRU 4 E2E2,276.2,PERM COMMON SCHOOLS
AZ,State Land Department,Subsurface,318 Stat. 557-579 (1910),128205,Coconino,N,,27N,7W,12,27N - 7W - 12,LOT 1 NE NENW S2NW S2,625.32,PERM COMMON SCHOOLS (INDMTY SELEC)
AZ,State Land Department,Subsurface,319 Stat. 557-579 (1910),128206,Coconino,N,,27N,7W,14,27N - 7W - 14,LOT 1 NE NENW S2NW S2,639.57,PERM COMMON SCHOOLS (INDMTY SELEC)
AZ,State Land Department,Subsurface,320 Stat. 557-579 (1910),128829,Coconino,N,,28N,6W,28,28N - 6W - 28,LOTS 1 THRU 5 SENE NESW S2SW SE,460.2,PERM COMMON SCHOOLS (INDMTY SELEC)
AZ,State Land Department,Subsurface,321 Stat. 557-579 (1910),128830,Coconino,N,,28N,6W,22,28N - 6W - 22,LOTS 1 THRU 4 SENE SE SESW,365.44,PERM COMMON SCHOOLS (INDMTY SELEC)
AZ,State Land Department,Subsurface,322 Stat. 557-579 (1910),128832,Coconino,N,,28N,6W,12,28N - 6W - 12,LOTS 1 THRU 4 E2,483.79,PERM COMMON SCHOOLS (INDMTY SELEC)
AZ,State Land Department,Subsurface,323 Stat. 557-579 (1910),128834,Coconino,N,,28N,6W,14,28N - 6W - 14,LOTS 1 THRU 4 NESE SWSE SESE,260.9,PERM COMMON SCHOOLS (INDMTY SELEC)
AZ,State Land Department,Subsurface,324 Stat. 557-579 (1910),133401,Mohave,N,,23N,13W,2,23N - 13W - 2,LOTS 1 2 3 S2NE SENW NESW S2SW SE AND LOT 4 SWNW NWSW LY E OF PAT 620,617.05,PERM COMMON SCHOOLS
AZ,State Land Department,Subsurface,325 Stat. 557-579 (1910),133957,Mohave,N,,18N,13W,26,18N - 13W - 26,LOT 1 S2NE NW E2SE,340,PERM COMMON SCHOOLS (INDMTY SELEC)
AZ,State Land Department,Subsurface,326 Stat. 557-579 (1910),127542,Coconino,N,,40N,2W,32,40N - 2W - 32,W2 SE,480,PERM COMMON SCHOOLS
AZ,State Land Department,Subsurface,327 Stat. 557-579 (1910),133154,Mohave,N,,40N,5W,36,40N - 5W - 36,ALL,640,PERM COMMON SCHOOLS
AZ,State Land Department,Subsurface,328 Stat. 557-579 (1910),133251,Mohave,N,,40N,3W,32,40N - 3W - 32,ALL,640,PERM COMMON SCHOOLS
AZ,State Land Department,Subsurface,329 Stat. 557-579 (1910),133252,Mohave,N,,40N,4W,32,40N - 4W - 32,ALL,640,PERM COMMON SCHOOLS
AZ,State Land Department,Subsurface,330 Stat. 557-579 (1910),133253,Mohave,N,,40N,4W,36,40N - 4W - 36,ALL,640,PERM COMMON SCHOOLS
AZ,State Land Department,Subsurface,331 Stat. 557-579 (1910),133690,Mohave,N,,40N,4W,34,40N - 4W - 34,W2NW,80,PERM COMMON SCHOOLS (INDMTY SELEC)
AZ,State Land Department,Subsurface,332 Stat. 557-579 (1910),133701,Mohave,N,,41N,2W,19,41N - 2W - 19,LOT 1 W2NWNENE NENWNE W2NWNE W2SENWNE NENW,119.48,PERM COMMON SCHOOLS (INDMTY SELEC)
AZ,State Land Department,Subsurface,333 Stat. 557-579 (1910),133704,Mohave,N,,41N,2W,19,41N - 2W - 19,LOTS 3 4,79.22,PERM COMMON SCHOOLS (INDMTY SELEC)
AZ,State Land Department,Subsurface,334 Stat. 557-579 (1910),133824,Mohave,N,,41N,2W,7,41N - 2W - 7,LOTS 3 4 E2SW SE EX PAT 6327,313.42,PERM COMMON SCHOOLS (INDMTY SELEC)
AZ,State Land Department,Subsurface,335 Stat. 557-579 (1910),133825,Mohave,N,,41N,2W,7,41N - 2W - 7,LOT 1 N2NE NENW,159.08,PERM COMMON SCHOOLS (INDMTY SELEC)
AZ,State Land Department,Subsurface,336 Stat. 557-579 (1910),133861,Mohave,N,,41N,2W,18,41N - 2W - 18,LOTS 2 3 4 SENW E2SW SE,398.16,PERM COMMON SCHOOLS (INDMTY SELEC)
AZ,State Land Department,Subsurface,337 Stat. 557-579 (1910),133862,Mohave,N,,41N,2W,6,41N - 2W - 6,LOT 7 E2SW W2SE PT NESE,274.04,PERM COMMON SCHOOLS (INDMTY SELEC)
AZ,State Land Department,Subsurface,338 Stat. 557-579 (1910),133902,Mohave,N,,40N,4W,35,40N - 4W - 35,ALL,640,PERM COMMON SCHOOLS (INDMTY SELEC)
AZ,State Land Department,Subsurface,339 Stat. 557-579 (1910),133903,Mohave,N,,40N,4W,34,40N - 4W - 34,E2,320,PERM COMMON SCHOOLS (INDMTY SELEC)
AZ,State Land Department,Subsurface,340 Stat. 557-579 (1910),137209,Pinal,Y,Kennecott Exploration Company,5S,4E,22,5S - 4E - 22,SE,160,MINERS HSPTL-DISABLED MINERS
AZ,State Land Department,Subsurface,341 Stat. 557-579 (1910),137210,Pinal,Y,Kennecott Exploration Company,5S,4E,27,5S - 4E - 27,LOTS 1 2,49.14,MINERS HSPTL-DISABLED MINERS
AZ,State Land Department,Subsurface,342 Stat. 557-579 (1910),137590,Pinal,N,,5S,3E,16,5S - 3E - 16,ALL,640,PERM COMMON SCHOOLS
AZ,State Land Department,Subsurface,343 Stat. 557-579 (1910),138774,Pinal,Y,Kennecott Exploration Company,5S,4E,28,5S - 4E - 28,LOT 1 SE S2SW NESW,302.1,SCHOOL OF MINES
AZ,State Land Department,Subsurface,344 Stat. 557-579 (1910),139055,Pinal,N,,4S,2E,26,4S - 2E - 26,NE,160,COUNTY BOND
AZ,State Land Department,Subsurface,345 Stat. 557-579 (1910),136096,Pima,N,,15S,12E,13,15S - 12E - 13,LOT 4 W2SE,121.92,PERM COMMON SCHOOLS (INDMTY SELEC)
AZ,State Land Department,Subsurface,346 Stat. 557-579 (1910),136138,Pima,N,,15S,12E,14,15S - 12E - 14,NESE E2NWSE N2SESE SESESE SWNWSE,100,PERM COMMON SCHOOLS (INDMTY SELEC)
AZ,State Land Department,Subsurface,347 Stat. 557-579 (1910),136139,Pima,N,,15S,12E,24,15S - 12E - 24,N2NENW SWNENW NWNW,70,PERM COMMON SCHOOLS (INDMTY SELEC)
AZ,State Land Department,Subsurface,348 Stat. 557-579 (1910),136356,Pima,N,,15S,13E,19,15S - 13E - 19,LOTS 2 45 THRU 76,201.85,PERM COMMON SCHOOLS (INDMTY SELEC)
AZ,State Land Department,Subsurface,349 Stat. 557-579 (1910),132641,Maricopa,N,,2N,6E,23,2N - 6E - 23,LOTS 18 23 24 SENE N2SE M&B IN LOTS 25 26 29 SESW S2SE,251.78,PERM COMMON SCHOOLS (INDMTY SELEC)
AZ,State Land Department,Subsurface,350 Stat. 557-579 (1910),132642,Maricopa,N,,2N,6E,23,2N - 6E - 23,M&B IN LOTS 25 26 29 SESW S2SE,121.73,PERM COMMON SCHOOLS (INDMTY SELEC)
AZ,State Land Department,Subsurface,351 Stat. 557-579 (1910),133053,Maricopa,N,,2N,6E,24,2N - 6E - 24,LOTS 7 9 11 13 14 15 17 18 20 22 24,342.74,02-90-0021 FED PATENT
AZ,State Land Department,Subsurface,352 Stat. 557-579 (1910),129222,Gila,N,,1N,16E,19,1N - 16E - 19,LOTS 2 3 4 LOT 1 EXC W 660FT,118.49,PENITENTIARY LAND FUND
AZ,State Land Department,Subsurface,353 Stat. 557-579 (1910),129254,Gila,N,,1N,16E,31,1N - 16E - 31,LOTS 1 THRU 4 W2W2,272.76,PERM COMMON SCHOOLS (INDMTY SELEC)
AZ,State Land Department,Subsurface,354 Stat. 557-579 (1910),129255,Gila,N,,1N,16E,7,1N - 16E - 7,LOTS 1 2 NE E2W2,391.79,PERM COMMON SCHOOLS (INDMTY SELEC)
AZ,State Land Department,Subsurface,355 Stat. 557-579 (1910),129257,Gila,N,,1N,16E,8,1N - 16E - 8,LOT 1,15.89,PERM COMMON SCHOOLS (INDMTY SELEC)
AZ,State Land Department,Subsurface,356 Stat. 557-579 (1910),129273,Gila,Y,"Pioneer Howard Silver Mines, L.L.L.P.",4S,16E,15,4S - 16E - 15,N2 EX SENE SESESENENE LY ELY OF PINAL COUNTY LINE FOR SCIR,294.29,PERM COMMON SCHOOLS (INDMTY SELEC)
AZ,State Land Department,Subsurface,357 Stat. 557-579 (1910),129454,Graham,N,,3S,25E,32,3S - 25E - 32,L3,25.98,PERM COMMON SCHOOLS
AZ,State Land Department,Subsurface,358 Stat. 557-579 (1910),129524,Graham,N,,6S,22E,36,6S - 22E - 36,ALL EX .02AC IN SCIR,639.98,PERM COMMON SCHOOLS
AZ,State Land Department,Subsurface,359 Stat. 557-579 (1910),129539,Graham,N,,4S,26E,32,4S - 26E - 32,LOTS 1 THRU 4 SWSE SW,321.89,PERM COMMON SCHOOLS
AZ,State Land Department,Subsurface,360 Stat. 557-579 (1910),130015,Graham,N,,4S,25E,22,4S - 25E - 22,LOTS 1 2 W2NE SE W2,633.9,PERM COMMON SCHOOLS (INDMTY SELEC)
AZ,State Land Department,Subsurface,361 Stat. 557-579 (1910),130037,Graham,N,,4S,25E,15,4S - 25E - 15,LOTS 1 THRU 4 SWSE W2,524.74,PERM COMMON SCHOOLS (INDMTY SELEC)
AZ,State Land Department,Subsurface,362 Stat. 557-579 (1910),130062,Graham,N,,4S,25E,3,4S - 25E - 3,LOTS 1 THRU 5 SWNW NWSW,243.98,PERM COMMON SCHOOLS (INDMTY SELEC)
AZ,State Land Department,Subsurface,363 Stat. 557-579 (1910),130093,Graham,N,,4S,25E,10,4S - 25E - 10,LOTS 1 THRU 4 W2SW SESW,255.8,PERM COMMON SCHOOLS (INDMTY SELEC)
AZ,State Land Department,Subsurface,364 Stat. 557-579 (1910),130095,Graham,N,,4S,25E,4,4S - 25E - 4,LOTS 1 THRU 4 S2N2 S2,596.51,PERM COMMON SCHOOLS (INDMTY SELEC)
AZ,State Land Department,Subsurface,365 Stat. 557-579 (1910),137679,Pinal,N,,5S,16E,16,5S - 16E - 16,ALL EX E 48.54 ACRES FOR SCIR,591.46,PERM COMMON SCHOOLS
AZ,State Land Department,Subsurface,366 Stat. 557-579 (1910),138534,Pinal,N,,6S,16E,20,6S - 16E - 20,W2NW SW,240,PERM COMMON SCHOOLS (INDMTY SELEC)
AZ,State Land Department,Subsurface,367 Stat. 557-579 (1910),139296,Pinal,N,,6S,17E,8,6S - 17E - 8,S2SW,80,02-87-0038 FEDERAL PATENT
AZ,State Land Department,Subsurface,368 Stat. 557-579 (1910),139299,Pinal,N,,6S,16E,9,6S - 16E - 9,E2 NW E2SW,560,02-87-0038 FEDERAL PATENT
AZ,State Land Department,Subsurface,369 Stat. 557-579 (1910),139300,Pinal,N,,6S,17E,7,6S - 17E - 7,SESE,40,02-87-0038 FEDERAL PATENT
AZ,State Land Department,Subsurface,370 Stat. 557-579 (1910),135396,Pima,N,,16S,11E,36,16S - 11E - 36,LOTS 1 THRU 4 S2N2 S2,654.13,PERM COMMON SCHOOLS
AZ,State Land Department,Subsurface,371 Stat. 557-579 (1910),135403,Pima,Y,Asarco LLC,16S,12E,36,16S - 12E - 36,N2NWNW EISENHOWER,20,PERM COMMON SCHOOLS
AZ,State Land Department,Subsurface,372 Stat. 557-579 (1910),135406,Pima,N,,16S,12E,32,16S - 12E - 32,N2 SE,480,PERM COMMON SCHOOLS
AZ,State Land Department,Subsurface,373 Stat. 557-579 (1910),135408,Pima,Y,Asarco LLC,16S,12E,36,16S - 12E - 36,N2NWNE RICH BOY,20,PERM COMMON SCHOOLS
AZ,State Land Department,Subsurface,374 Stat. 557-579 (1910),135411,Pima,Y,Asarco LLC,16S,12E,36,16S - 12E - 36,N2NENW POOR BOY,20,PERM COMMON SCHOOLS
AZ,State Land Department,Subsurface,375 Stat. 557-579 (1910),135611,Pima,N,,16S,13E,34,16S - 13E - 34,W2 W2E2,480,PERM COMMON SCHOOLS (INDMTY SELEC)
AZ,State Land Department,Subsurface,376 Stat. 557-579 (1910),131259,Maricopa,N,,9S,1E,16,9S - 1E - 16,ALL,640,PERM COMMON SCHOOLS
AZ,State Land Department,Subsurface,377 Stat. 557-579 (1910),135044,Pima,N,,17S,8E,29,17S - 8E - 29,ALL,640,"LEGISLATIVE, EXEC, JUD BLDG"
AZ,State Land Department,Subsurface,378 Stat. 557-579 (1910),135045,Pima,N,,17S,8E,28,17S - 8E - 28,ALL,640,"LEGISLATIVE, EXEC, JUD BLDG"
AZ,State Land Department,Subsurface,379 Stat. 557-579 (1910),135052,Pima,N,,17S,8E,30,17S - 8E - 30,E2NE SWNE,120,"LEGISLATIVE, EXEC, JUD BLDG"
AZ,State Land Department,Subsurface,380 Stat. 557-579 (1910),135053,Pima,N,,17S,8E,31,17S - 8E - 31,LOTS 3 4 E2SW SE,314.72,"LEGISLATIVE, EXEC, JUD BLDG"
AZ,State Land Department,Subsurface,381 Stat. 557-579 (1910),135129,Pima,N,,19S,7E,26,19S - 7E - 26,LOTS 1 THRU 4 E2NE SESW N2SE SESE,406.35,MINERS HSPTL-DISABLED MINERS
AZ,State Land Department,Subsurface,382 Stat. 557-579 (1910),135144,Pima,N,,14S,10E,34,14S - 10E - 34,LOTS 4 THRU 9 W2NW,355,MINERS HSPTL-DISABLED MINERS
AZ,State Land Department,Subsurface,383 Stat. 557-579 (1910),135262,Pima,N,,18S,3W,16,18S - 3W - 16,ALL,640,PERM COMMON SCHOOLS
AZ,State Land Department,Subsurface,384 Stat. 557-579 (1910),135267,Pima,N,,18S,2W,32,18S - 2W - 32,ALL,640,PERM COMMON SCHOOLS
AZ,State Land Department,Subsurface,385 Stat. 557-579 (1910),135274,Pima,N,,11S,7E,32,11S - 7E - 32,ALL,640,PERM COMMON SCHOOLS
AZ,State Land Department,Subsurface,386 Stat. 557-579 (1910),135285,Pima,N,,15S,9E,16,15S - 9E - 16,ALL,640,PERM COMMON SCHOOLS
AZ,State Land Department,Subsurface,387 Stat. 557-579 (1910),135295,Pima,N,,20S,7E,32,20S - 7E - 32,LOT 1,36.1,PERM COMMON SCHOOLS
AZ,State Land Department,Subsurface,388 Stat. 557-579 (1910),135332,Pima,N,,17S,8E,16,17S - 8E - 16,ALL,640,PERM COMMON SCHOOLS
AZ,State Land Department,Subsurface,389 Stat. 557-579 (1910),135466,Pima,N,,14S,11E,16,14S - 11E - 16,ALL,640,PERM COMMON SCHOOLS
AZ,State Land Department,Subsurface,390 Stat. 557-579 (1910),135514,Pima,N,,12S,6E,16,12S - 6E - 16,ALL,640,PERM COMMON SCHOOLS
AZ,State Land Department,Subsurface,391 Stat. 557-579 (1910),135516,Pima,Y,"Silver Bell Mining, L.L.C.",12S,8E,16,12S - 8E - 16,ALL,640,PERM COMMON SCHOOLS
AZ,State Land Department,Subsurface,392 Stat. 557-579 (1910),135529,Pima,N,,14S,10E,32,14S - 10E - 32,LOTS 1 THRU 8 N2S2 N2,723.97,PERM COMMON SCHOOLS
AZ,State Land Department,Subsurface,393 Stat. 557-579 (1910),135530,Pima,N,,14S,9E,36,14S - 9E - 36,ALL,640,PERM COMMON SCHOOLS
AZ,State Land Department,Subsurface,394 Stat. 557-579 (1910),135564,Pima,N,,14S,5W,2,14S - 5W - 2,LOTS 1 THRU 4 S2N2 S2,640.72,PERM COMMON SCHOOLS
AZ,State Land Department,Subsurface,395 Stat. 557-579 (1910),135573,Pima,N,,18S,2W,2,18S - 2W - 2,L1 TO 4 S2N2 S2,641.24,PERM COMMON SCHOOLS
AZ,State Land Department,Subsurface,396 Stat. 557-579 (1910),135574,Pima,N,,18S,3W,2,18S - 3W - 2,L2 3 4 S2N2 NWSW,319.73,PERM COMMON SCHOOLS
AZ,State Land Department,Subsurface,397 Stat. 557-579 (1910),135576,Pima,N,,13S,5W,36,13S - 5W - 36,ALL,640,PERM COMMON SCHOOLS
AZ,State Land Department,Subsurface,398 Stat. 557-579 (1910),135577,Pima,N,,18S,2W,16,18S - 2W - 16,ALL,640,PERM COMMON SCHOOLS
AZ,State Land Department,Subsurface,399 Stat. 557-579 (1910),135580,Pima,N,,18S,2W,36,18S - 2W - 36,ALL,640,PERM COMMON SCHOOLS
AZ,State Land Department,Subsurface,400 Stat. 557-579 (1910),135581,Pima,N,,19S,2W,2,19S - 2W - 2,ALL,640,PERM COMMON SCHOOLS
AZ,State Land Department,Subsurface,401 Stat. 557-579 (1910),135594,Pima,N,,20S,7E,16,20S - 7E - 16,LOTS 1 THRU 5 NE SENW NESW NWSE E2SE,527.41,PERM COMMON SCHOOLS
AZ,State Land Department,Subsurface,402 Stat. 557-579 (1910),135600,Pima,N,,22S,7E,2,22S - 7E - 2,ALL,640,PERM COMMON SCHOOLS
AZ,State Land Department,Subsurface,403 Stat. 557-579 (1910),135630,Pima,N,,15S,9E,21,15S - 9E - 21,ALL,640,PERM COMMON SCHOOLS (INDMTY SELEC)
AZ,State Land Department,Subsurface,404 Stat. 557-579 (1910),136190,Pima,N,,19S,7E,23,19S - 7E - 23,LOTS 1 THRU 3 SENE,144.27,PERM COMMON SCHOOLS (INDMTY SELEC)
AZ,State Land Department,Subsurface,405 Stat. 557-579 (1910),136195,Pima,N,,19S,7E,34,19S - 7E - 34,LOTS 1 THRU 4 E2E2,315.67,PERM COMMON SCHOOLS (INDMTY SELEC)
AZ,State Land Department,Subsurface,406 Stat. 557-579 (1910),136199,Pima,N,,21S,7E,20,21S - 7E - 20,LOTS 1 5 6 9 SWNE,183.44,PERM COMMON SCHOOLS (INDMTY SELEC)
AZ,State Land Department,Subsurface,407 Stat. 557-579 (1910),136200,Pima,N,,21S,7E,29,21S - 7E - 29,LOTS 1 2,71.22,PERM COMMON SCHOOLS (INDMTY SELEC)
AZ,State Land Department,Subsurface,408 Stat. 557-579 (1910),136201,Pima,N,,21S,7E,28,21S - 7E - 28,LOTS 1 THRU 3 7 8 N2NW NE SENW NESE,499.44,PERM COMMON SCHOOLS (INDMTY SELEC)
AZ,State Land Department,Subsurface,409 Stat. 557-579 (1910),136305,Pima,N,,11S,6E,19,11S - 6E - 19,LOTS 1 THRU 4 E2W2 E2,625.48,PERM COMMON SCHOOLS (INDMTY SELEC)
AZ,State Land Department,Subsurface,410 Stat. 557-579 (1910),136314,Pima,N,,11S,6E,30,11S - 6E - 30,LOTS 1 THRU 4 E2W2 E2,625.4,PERM COMMON SCHOOLS (INDMTY SELEC)
AZ,State Land Department,Subsurface,411 Stat. 557-579 (1910),136324,Pima,N,,11S,6E,31,11S - 6E - 31,LOTS 1 THRU 4 E2W2 E2,625.2,PERM COMMON SCHOOLS (INDMTY SELEC)
AZ,State Land Department,Subsurface,412 Stat. 557-579 (1910),136337,Pima,N,,11S,6E,18,11S - 6E - 18,LOTS 1 THRU 4,145.04,PERM COMMON SCHOOLS (INDMTY SELEC)
AZ,State Land Department,Subsurface,413 Stat. 557-579 (1910),136387,Pima,N,,15S,9E,4,15S - 9E - 4,NE E2NW SWNW,280,PERM COMMON SCHOOLS (INDMTY SELEC)
AZ,State Land Department,Subsurface,414 Stat. 557-579 (1910),136512,Pima,N,,21S,7E,5,21S - 7E - 5,LOT 7,11.35,PERM COMMON SCHOOLS (INDMTY SELEC)
AZ,State Land Department,Subsurface,415 Stat. 557-579 (1910),136513,Pima,N,,21S,7E,8,21S - 7E - 8,LOTS 1 4 5 8,142.53,PERM COMMON SCHOOLS (INDMTY SELEC)
AZ,State Land Department,Subsurface,416 Stat. 557-579 (1910),136555,Pima,N,,21S,7E,17,21S - 7E - 17,L1 4 5 8 W2NE,173.61,PERM COMMON SCHOOLS (INDMTY SELEC)
AZ,State Land Department,Subsurface,417 Stat. 557-579 (1910),136558,Pima,N,,22S,7E,15,22S - 7E - 15,LOT 1 NWSW E2SW SE N2,632.64,PERM COMMON SCHOOLS (INDMTY SELEC)
AZ,State Land Department,Subsurface,418 Stat. 557-579 (1910),136676,Pima,N,,21S,7E,5,21S - 7E - 5,LOT 1 SENE E2SE,155.52,"ST CHRTBL, PENAL & REFORM INST"
AZ,State Land Department,Subsurface,419 Stat. 557-579 (1910),136708,Pima,N,,17S,8E,21,17S - 8E - 21,ALL,640,UNIVERSITY
AZ,State Land Department,Subsurface,420 Stat. 557-579 (1910),136751,Pima,N,,17S,8E,30,17S - 8E - 30,NWNE,40,UNIVERSITY
AZ,State Land Department,Subsurface,421 Stat. 557-579 (1910),136770,Pima,N,,21S,7E,4,21S - 7E - 4,LOTS 1 THRU 4 S2N2 S2,621.88,UNIVERSITY
AZ,State Land Department,Subsurface,422 Stat. 557-579 (1910),136861,Pima,N,,21S,7E,27,21S - 7E - 27,W2 SE,480,COUNTY BOND
AZ,State Land Department,Subsurface,423 Stat. 557-579 (1910),136949,Pima,N,,21S,7E,34,21S - 7E - 34,ALL,640,COUNTY BOND
AZ,State Land Department,Subsurface,424 Stat. 557-579 (1910),136951,Pima,N,,21S,7E,35,21S - 7E - 35,E2 E2NW,400,COUNTY BOND
AZ,State Land Department,Subsurface,425 Stat. 557-579 (1910),136952,Pima,N,,21S,7E,35,21S - 7E - 35,W2SW,80,COUNTY BOND
AZ,State Land Department,Subsurface,426 Stat. 557-579 (1910),137028,Pima,N,,16S,9E,6,16S - 9E - 6,LOTS 1 THRU 18 S2NE,936.21,02-86-0044 FEDERAL PATENT
AZ,State Land Department,Subsurface,427 Stat. 557-579 (1910),137029,Pima,N,,15S,9E,31,15S - 9E - 31,LOTS 1 THRU 12 NE E2NW N2SE,752.12,02-86-0044 FEDERAL PATENT
AZ,State Land Department,Subsurface,428 Stat. 557-579 (1910),137035,Pima,N,,16S,9E,12,16S - 9E - 12,SWNW S2,640,02-86-0044 FEDERAL PATENT
AZ,State Land Department,Subsurface,429 Stat. 557-579 (1910),137039,Pima,N,,15S,9E,28,15S - 9E - 28,ALL,640,02-86-0044 FEDERAL PATENT
AZ,State Land Department,Subsurface,430 Stat. 557-579 (1910),137042,Pima,N,,15S,9E,29,15S - 9E - 29,ALL,640,02-86-0044 FEDERAL PATENT
AZ,State Land Department,Subsurface,431 Stat. 557-579 (1910),137348,Pinal,N,,7S,4E,36,7S - 4E - 36,LOTS 12 13 23 24 LY SE OF 93-93998,165.15,PERM COMMON SCHOOLS
AZ,State Land Department,Subsurface,432 Stat. 557-579 (1910),137457,Pinal,N,,8S,6E,32,8S - 6E - 32,ALL,640,PERM COMMON SCHOOLS
AZ,State Land Department,Subsurface,433 Stat. 557-579 (1910),137526,Pinal,N,,8S,6E,16,8S - 6E - 16,ALL,640,PERM COMMON SCHOOLS
AZ,State Land Department,Subsurface,434 Stat. 557-579 (1910),137555,Pinal,N,,8S,3E,16,8S - 3E - 16,ALL,640,PERM COMMON SCHOOLS
AZ,State Land Department,Subsurface,435 Stat. 557-579 (1910),137556,Pinal,N,,8S,2E,32,8S - 2E - 32,ALL,640,PERM COMMON SCHOOLS
AZ,State Land Department,Subsurface,436 Stat. 557-579 (1910),138224,Pinal,N,,8S,6E,4,8S - 6E - 4,LOTS 1 THRU 4 S2N2 SW,481.36,PERM COMMON SCHOOLS (INDMTY SELEC)
AZ,State Land Department,Subsurface,437 Stat. 557-579 (1910),138329,Pinal,N,,10S,6E,18,10S - 6E - 18,LOTS 1 THRU 4 E2W2 E2,636.44,PERM COMMON SCHOOLS (INDMTY SELEC)
AZ,State Land Department,Subsurface,438 Stat. 557-579 (1910),138353,Pinal,N,,10S,6E,19,10S - 6E - 19,LOTS 1 THRU 4 E2W2 E2,637.28,PERM COMMON SCHOOLS (INDMTY SELEC)
AZ,State Land Department,Subsurface,439 Stat. 557-579 (1910),138761,Pinal,N,,8S,6E,20,8S - 6E - 20,ALL,640,SCHOOL OF MINES
AZ,State Land Department,Subsurface,440 Stat. 557-579 (1910),138762,Pinal,N,,8S,6E,33,8S - 6E - 33,ALL,640,SCHOOL OF MINES
AZ,State Land Department,Subsurface,441 Stat. 557-579 (1910),138764,Pinal,N,,8S,6E,31,8S - 6E - 31,E2SE,80,SCHOOL OF MINES
AZ,State Land Department,Subsurface,442 Stat. 557-579 (1910),138766,Pinal,N,,8S,6E,31,8S - 6E - 31,LOTS 1 THRU 4 E2W2 W2SE NE,552.72,SCHOOL OF MINES
AZ,State Land Department,Subsurface,443 Stat. 557-579 (1910),138767,Pinal,N,,8S,6E,21,8S - 6E - 21,W2,320,SCHOOL OF MINES
AZ,State Land Department,Subsurface,444 Stat. 557-579 (1910),138768,Pinal,N,,8S,6E,30,8S - 6E - 30,LOTS 1 THRU 4 E2W2 E2,631.62,SCHOOL OF MINES
AZ,State Land Department,Subsurface,445 Stat. 557-579 (1910),138769,Pinal,N,,8S,6E,28,8S - 6E - 28,ALL,640,SCHOOL OF MINES
AZ,State Land Department,Subsurface,446 Stat. 557-579 (1910),138770,Pinal,N,,8S,6E,19,8S - 6E - 19,LOTS 1 THRU 4 E2W2 E2,630.16,SCHOOL OF MINES
AZ,State Land Department,Subsurface,447 Stat. 557-579 (1910),138772,Pinal,N,,8S,6E,29,8S - 6E - 29,ALL,640,SCHOOL OF MINES
AZ,State Land Department,Subsurface,448 Stat. 557-579 (1910),139944,Yavapai,N,,14N,2W,36,14N - 2W - 36,LOTS 4 5 E2 S2SW,430.97,PERM COMMON SCHOOLS
AZ,State Land Department,Subsurface,449 Stat. 557-579 (1910),133155,Mohave,N,,18N,13W,16,18N - 13W - 16,ALL,640,PERM COMMON SCHOOLS
AZ,State Land Department,Subsurface,450 Stat. 557-579 (1910),133712,Mohave,N,,18N,13W,10,18N - 13W - 10,ALL,640,PERM COMMON SCHOOLS (INDMTY SELEC)
AZ,State Land Department,Subsurface,451 Stat. 557-579 (1910),140154,Yavapai,N,,14N,4E,2,14N - 4E - 2,LOTS 1 THRU 4 S2NE N3/4N2SWNW S2SWNWSWNW E3/4S2S2NESWNW E3/4SESWNW SENW E2SE,383.82,PERM COMMON SCHOOLS
AZ,State Land Department,Subsurface,452 Stat. 557-579 (1910),133067,Mohave,N,,17N,21W,34,17N - 21W - 34,NE,160,HSPTL-DISABLED MNRS 2/20/1929
AZ,State Land Department,Subsurface,453 Stat. 557-579 (1910),133361,Mohave,N,,17N,21W,16,17N - 21W - 16,E2,320,PERM COMMON SCHOOLS
AZ,State Land Department,Subsurface,454 Stat. 557-579 (1910),133362,Mohave,N,,18N,21W,32,18N - 21W - 32,ALL,640,PERM COMMON SCHOOLS
AZ,State Land Department,Subsurface,455 Stat. 557-579 (1910),134284,Mohave,N,,17N,21W,34,17N - 21W - 34,SE,160,COUNTY BOND
AZ,State Land Department,Subsurface,456 Stat. 557-579 (1910),127900,Coconino,N,,30N,2W,32,30N - 2W - 32,ALL,640,PERM COMMON SCHOOLS
AZ,State Land Department,Subsurface,457 Stat. 557-579 (1910),127902,Coconino,N,,30N,2W,16,30N - 2W - 16,ALL,640,PERM COMMON SCHOOLS
AZ,State Land Department,Subsurface,458 Stat. 557-579 (1910),127928,Coconino,N,,31N,4W,2,31N - 4W - 2,L1 TO 4 S2N2 S2,640,PERM COMMON SCHOOLS
AZ,State Land Department,Subsurface,459 Stat. 557-579 (1910),127932,Coconino,N,,32N,5W,16,32N - 5W - 16,ALL,640,PERM COMMON SCHOOLS
AZ,State Land Department,Subsurface,460 Stat. 557-579 (1910),127958,Coconino,N,,30N,2W,33,30N - 2W - 33,W2NE SENE NW NESW E2SE,400,PERM COMMON SCHOOLS (INDMTY SELEC)
AZ,State Land Department,Subsurface,461 Stat. 557-579 (1910),128379,Coconino,N,,30N,2W,29,30N - 2W - 29,NW W2SW,240,PERM COMMON SCHOOLS (INDMTY SELEC)
AZ,State Land Department,Subsurface,462 Stat. 557-579 (1910),128380,Coconino,N,,30N,2W,29,30N - 2W - 29,S2SE,80,PERM COMMON SCHOOLS (INDMTY SELEC)
AZ,State Land Department,Subsurface,463 Stat. 557-579 (1910),128724,Coconino,N,,30N,2W,17,30N - 2W - 17,SWSW,40,PERM COMMON SCHOOLS (INDMTY SELEC)
AZ,State Land Department,Subsurface,464 Stat. 557-579 (1910),128743,Coconino,N,,30N,2W,20,30N - 2W - 20,E2NE,80,PERM COMMON SCHOOLS (INDMTY SELEC)
AZ,State Land Department,Subsurface,465 Stat. 557-579 (1910),128863,Coconino,N,,30N,2W,21,30N - 2W - 21,ALL,640,PERM COMMON SCHOOLS (INDMTY SELEC)
AZ,State Land Department,Subsurface,466 Stat. 557-579 (1910),128865,Coconino,N,,30N,2W,8,30N - 2W - 8,NWNW,40,PERM COMMON SCHOOLS (INDMTY SELEC)
AZ,State Land Department,Subsurface,467 Stat. 557-579 (1910),128868,Coconino,N,,30N,2W,5,30N - 2W - 5,LOT 4 SWNW W2SW,158.46,PERM COMMON SCHOOLS (INDMTY SELEC)
AZ,State Land Department,Subsurface,468 Stat. 557-579 (1910),128870,Coconino,N,,30N,2W,8,30N - 2W - 8,E2E2,160,PERM COMMON SCHOOLS (INDMTY SELEC)
AZ,State Land Department,Subsurface,469 Stat. 557-579 (1910),128883,Coconino,N,,30N,2W,9,30N - 2W - 9,ALL,640,PERM COMMON SCHOOLS (INDMTY SELEC)
AZ,State Land Department,Subsurface,470 Stat. 557-579 (1910),128885,Coconino,N,,30N,2W,20,30N - 2W - 20,W2NW SW,240,PERM COMMON SCHOOLS (INDMTY SELEC)
AZ,State Land Department,Subsurface,471 Stat. 557-579 (1910),128887,Coconino,N,,30N,2W,28,30N - 2W - 28,N2 N2N2NESW SENENESW E2SENESW E2SESW SE,517.5,PERM COMMON SCHOOLS (INDMTY SELEC)
AZ,State Land Department,Subsurface,472 Stat. 557-579 (1910),128891,Coconino,N,,30N,2W,17,30N - 2W - 17,SESE,40,PERM COMMON SCHOOLS (INDMTY SELEC)
AZ,State Land Department,Subsurface,473 Stat. 557-579 (1910),128947,Coconino,N,,31N,3W,5,31N - 3W - 5,L1 TO 4 S2N2 S2,640,PERM COMMON SCHOOLS (INDMTY SELEC)
AZ,State Land Department,Subsurface,474 Stat. 557-579 (1910),128948,Coconino,N,,31N,3W,6,31N - 3W - 6,L1 TO 7 S2NE SENW E2SW SE,627.68,PERM COMMON SCHOOLS (INDMTY SELEC)
AZ,State Land Department,Subsurface,475 Stat. 557-579 (1910),122730,Apache,N,,15N,26E,36,15N - 26E - 36,ALL,640,PERM COMMON SCHOOLS
AZ,State Land Department,Subsurface,476 Stat. 557-579 (1910),122733,Apache,N,,14N,26E,36,14N - 26E - 36,ALL,640,PERM COMMON SCHOOLS
AZ,State Land Department,Subsurface,477 Stat. 557-579 (1910),123028,Apache,N,,17N,31E,10,17N - 31E - 10,LOTS 1 THRU 4,193.5,PERM COMMON SCHOOLS (INDMTY SELEC)
AZ,State Land Department,Subsurface,478 Stat. 557-579 (1910),123138,Apache,N,,14N,26E,34,14N - 26E - 34,ALL,660.47,PERM COMMON SCHOOLS (INDMTY SELEC)
AZ,State Land Department,Subsurface,479 Stat. 557-579 (1910),122632,Apache,N,,19N,25E,16,19N - 25E - 16,ALL,640,PERM COMMON SCHOOLS
AZ,State Land Department,Subsurface,480 Stat. 557-579 (1910),122638,Apache,N,,19N,25E,2,19N - 25E - 2,L1 TO 4 S2N2 S2,643.26,PERM COMMON SCHOOLS
AZ,State Land Department,Subsurface,481 Stat. 557-579 (1910),122640,Apache,N,,19N,29E,32,19N - 29E - 32,ALL,640,PERM COMMON SCHOOLS
AZ,State Land Department,Subsurface,482 Stat. 557-579 (1910),122645,Apache,N,,21N,27E,32,21N - 27E - 32,ALL,640,PERM COMMON SCHOOLS
AZ,State Land Department,Subsurface,483 Stat. 557-579 (1910),122646,Apache,N,,21N,29E,16,21N - 29E - 16,E2SESE JM#1,20,PERM COMMON SCHOOLS
AZ,State Land Department,Subsurface,484 Stat. 557-579 (1910),122647,Apache,N,,21N,26E,32,21N - 26E - 32,ALL,640,PERM COMMON SCHOOLS
AZ,State Land Department,Subsurface,485 Stat. 557-579 (1910),122648,Apache,N,,21N,29E,16,21N - 29E - 16,N2NENE CHETO 2 S2NENE CHETO 4 N2NWNE CHETO 1 S2NWNE CHETO 3 N2SWNE CHETO 5 S2SWNE CHETO 7 N2SENE CHETO 6 S2SENE CHETO 8 M&B IN N2N2SE CHETO 9,166.67,PERM COMMON SCHOOLS
AZ,State Land Department,Subsurface,486 Stat. 557-579 (1910),122649,Apache,N,,21N,29E,16,21N - 29E - 16,NW W2NESW W2SW SESW M&B IN SE,373.33,PERM COMMON SCHOOLS
AZ,State Land Department,Subsurface,487 Stat. 557-579 (1910),122650,Apache,N,,21N,29E,16,21N - 29E - 16,E2NESE JM#2,20,PERM COMMON SCHOOLS
AZ,State Land Department,Subsurface,488 Stat. 557-579 (1910),122651,Apache,N,,21N,26E,36,21N - 26E - 36,ALL,640,PERM COMMON SCHOOLS
AZ,State Land Department,Subsurface,489 Stat. 557-579 (1910),122652,Apache,N,,21N,29E,16,21N - 29E - 16,NENESW NWNWSE CHETO 10,20,PERM COMMON SCHOOLS
AZ,State Land Department,Subsurface,490 Stat. 557-579 (1910),122653,Apache,N,,21N,28E,16,21N - 28E - 16,ALL,640,PERM COMMON SCHOOLS
AZ,State Land Department,Subsurface,491 Stat. 557-579 (1910),122655,Apache,N,,20N,25E,32,20N - 25E - 32,ALL,640,PERM COMMON SCHOOLS
AZ,State Land Department,Subsurface,492 Stat. 557-579 (1910),122656,Apache,N,,20N,25E,36,20N - 25E - 36,ALL,640,PERM COMMON SCHOOLS
AZ,State Land Department,Subsurface,493 Stat. 557-579 (1910),122657,Apache,N,,20N,25E,2,20N - 25E - 2,LOTS 1 THRU 4 S2N2 S2,655.14,PERM COMMON SCHOOLS
AZ,State Land Department,Subsurface,494 Stat. 557-579 (1910),122658,Apache,N,,18N,28E,2,18N - 28E - 2,S2SW SE,240,PERM COMMON SCHOOLS
AZ,State Land Department,Subsurface,495 Stat. 557-579 (1910),122664,Apache,N,,18N,29E,36,18N - 29E - 36,ALL,640,PERM COMMON SCHOOLS
AZ,State Land Department,Subsurface,496 Stat. 557-579 (1910),122665,Apache,N,,18N,29E,32,18N - 29E - 32,ALL,640,PERM COMMON SCHOOLS
AZ,State Land Department,Subsurface,497 Stat. 557-579 (1910),122666,Apache,N,,18N,28E,36,18N - 28E - 36,ALL,640,PERM COMMON SCHOOLS
AZ,State Land Department,Subsurface,498 Stat. 557-579 (1910),122667,Apache,N,,18N,29E,2,18N - 29E - 2,LOTS 1 THRU 4 S2N2 S2,642.32,PERM COMMON SCHOOLS
AZ,State Land Department,Subsurface,499 Stat. 557-579 (1910),122668,Apache,N,,18N,31E,16,18N - 31E - 16,ALL,640,PERM COMMON SCHOOLS
AZ,State Land Department,Subsurface,500 Stat. 557-579 (1910),122669,Apache,N,,18N,30E,36,18N - 30E - 36,ALL,640,PERM COMMON SCHOOLS
AZ,State Land Department,Subsurface,501 Stat. 557-579 (1910),122670,Apache,N,,18N,30E,32,18N - 30E - 32,ALL,640,PERM COMMON SCHOOLS
AZ,State Land Department,Subsurface,502 Stat. 557-579 (1910),122671,Apache,N,,18N,30E,2,18N - 30E - 2,LOTS 1 THRU 4 S2N2 S2,641.9,PERM COMMON SCHOOLS
AZ,State Land Department,Subsurface,503 Stat. 557-579 (1910),122672,Apache,N,,18N,31E,32,18N - 31E - 32,ALL,640,PERM COMMON SCHOOLS
AZ,State Land Department,Subsurface,504 Stat. 557-579 (1910),122673,Apache,N,,18N,30E,16,18N - 30E - 16,ALL,640,PERM COMMON SCHOOLS
AZ,State Land Department,Subsurface,505 Stat. 557-579 (1910),122691,Apache,N,,17N,29E,2,17N - 29E - 2,LOTS 1 THRU 4 S2N2 S2,638.34,PERM COMMON SCHOOLS
AZ,State Land Department,Subsurface,506 Stat. 557-579 (1910),122769,Apache,N,,21N,26E,2,21N - 26E - 2,LOTS 1 THRU 4 S2N2 S2,643.12,PERM COMMON SCHOOLS
AZ,State Land Department,Subsurface,507 Stat. 557-579 (1910),122770,Apache,N,,21N,27E,2,21N - 27E - 2,LOTS 1 THRU 4 S2N2 S2,638.18,PERM COMMON SCHOOLS
AZ,State Land Department,Subsurface,508 Stat. 557-579 (1910),122772,Apache,N,,20N,29E,16,20N - 29E - 16,ALL,640,PERM COMMON SCHOOLS
AZ,State Land Department,Subsurface,509 Stat. 557-579 (1910),122773,Apache,N,,21N,29E,32,21N - 29E - 32,S2,320,PERM COMMON SCHOOLS
AZ,State Land Department,Subsurface,510 Stat. 557-579 (1910),122774,Apache,N,,20N,26E,2,20N - 26E - 2,LOTS 1 THRU 4 S2N2 S2,655.04,PERM COMMON SCHOOLS
AZ,State Land Department,Subsurface,511 Stat. 557-579 (1910),122775,Apache,N,,20N,29E,2,20N - 29E - 2,LOTS 1 THRU 4 S2N2 S2,661.44,PERM COMMON SCHOOLS
AZ,State Land Department,Subsurface,512 Stat. 557-579 (1910),122776,Apache,N,,21N,29E,16,21N - 29E - 16,M&B IN SE JM#4,20,PERM COMMON SCHOOLS
AZ,State Land Department,Subsurface,513 Stat. 557-579 (1910),122777,Apache,N,,21N,27E,16,21N - 27E - 16,ALL,640,PERM COMMON SCHOOLS
AZ,State Land Department,Subsurface,514 Stat. 557-579 (1910),122778,Apache,N,,21N,26E,16,21N - 26E - 16,ALL,640,PERM COMMON SCHOOLS
AZ,State Land Department,Subsurface,515 Stat. 557-579 (1910),122779,Apache,N,,21N,29E,16,21N - 29E - 16,M&B IN SE JM#3,20,PERM COMMON SCHOOLS
AZ,State Land Department,Subsurface,516 Stat. 557-579 (1910),122781,Apache,N,,19N,30E,2,19N - 30E - 2,LOTS 1 THRU 4 S2N2 S2,640.06,PERM COMMON SCHOOLS
AZ,State Land Department,Subsurface,517 Stat. 557-579 (1910),122783,Apache,N,,19N,29E,2,19N - 29E - 2,NWSW,40,PERM COMMON SCHOOLS
AZ,State Land Department,Subsurface,518 Stat. 557-579 (1910),122784,Apache,N,,19N,30E,16,19N - 30E - 16,ALL,640,PERM COMMON SCHOOLS
AZ,State Land Department,Subsurface,519 Stat. 557-579 (1910),122785,Apache,N,,19N,29E,16,19N - 29E - 16,ALL,640,PERM COMMON SCHOOLS
AZ,State Land Department,Subsurface,520 Stat. 557-579 (1910),122786,Apache,N,,19N,30E,32,19N - 30E - 32,ALL,640,PERM COMMON SCHOOLS
AZ,State Land Department,Subsurface,521 Stat. 557-579 (1910),122787,Apache,N,,19N,29E,36,19N - 29E - 36,ALL,640,PERM COMMON SCHOOLS
AZ,State Land Department,Subsurface,522 Stat. 557-579 (1910),122788,Apache,N,,19N,28E,36,19N - 28E - 36,SESE,40,PERM COMMON SCHOOLS
AZ,State Land Department,Subsurface,523 Stat. 557-579 (1910),122790,Apache,N,,18N,29E,16,18N - 29E - 16,ALL,640,PERM COMMON SCHOOLS
AZ,State Land Department,Subsurface,524 Stat. 557-579 (1910),122792,Apache,N,,19N,30E,36,19N - 30E - 36,ALL,640,PERM COMMON SCHOOLS
AZ,State Land Department,Subsurface,525 Stat. 557-579 (1910),122796,Apache,N,,17N,30E,2,17N - 30E - 2,LOTS 1 THRU 4 S2N2 S2,642.06,PERM COMMON SCHOOLS
AZ,State Land Department,Subsurface,526 Stat. 557-579 (1910),122838,Apache,N,,18N,27E,32,18N - 27E - 32,ALL,640,PERM COMMON SCHOOLS
AZ,State Land Department,Subsurface,527 Stat. 557-579 (1910),122982,Apache,Y,Potash Arizona Inc,18N,26E,24,18N - 26E - 24,ALL,640,PERM COMMON SCHOOLS (INDMTY SELEC)
AZ,State Land Department,Subsurface,528 Stat. 557-579 (1910),122986,Apache,N,,20N,26E,18,20N - 26E - 18,LOTS 1 THRU 4 E2 E2W2,611.26,PERM COMMON SCHOOLS (INDMTY SELEC)
AZ,State Land Department,Subsurface,529 Stat. 557-579 (1910),122989,Apache,N,,20N,26E,30,20N - 26E - 30,L1 TO 4 E2W2 E2,617.86,PERM COMMON SCHOOLS (INDMTY SELEC)
AZ,State Land Department,Subsurface,530 Stat. 557-579 (1910),123031,Apache,N,,17N,31E,4,17N - 31E - 4,LOTS 1 THRU 4 S2N2 S2,637.52,PERM COMMON SCHOOLS (INDMTY SELEC)
AZ,State Land Department,Subsurface,531 Stat. 557-579 (1910),123093,Apache,N,,20N,26E,24,20N - 26E - 24,W2SW SESW,120,PERM COMMON SCHOOLS (INDMTY SELEC)
AZ,State Land Department,Subsurface,532 Stat. 557-579 (1910),123102,Apache,N,,19N,29E,22,19N - 29E - 22,SWNW,40,PERM COMMON SCHOOLS (INDMTY SELEC)
AZ,State Land Department,Subsurface,533 Stat. 557-579 (1910),123103,Apache,N,,19N,26E,6,19N - 26E - 6,L1 TO 7 SENW E2SW S2NE SE,619.11,PERM COMMON SCHOOLS (INDMTY SELEC)
AZ,State Land Department,Subsurface,534 Stat. 557-579 (1910),123106,Apache,N,,19N,25E,10,19N - 25E - 10,SW,160,PERM COMMON SCHOOLS (INDMTY SELEC)
AZ,State Land Department,Subsurface,535 Stat. 557-579 (1910),123108,Apache,N,,18N,27E,24,18N - 27E - 24,N2N2 SENE E2SE,280,PERM COMMON SCHOOLS (INDMTY SELEC)
AZ,State Land Department,Subsurface,536 Stat. 557-579 (1910),123109,Apache,N,,18N,27E,22,18N - 27E - 22,N2 N2S2 SESE,520,PERM COMMON SCHOOLS (INDMTY SELEC)
AZ,State Land Department,Subsurface,537 Stat. 557-579 (1910),123110,Apache,N,,18N,27E,20,18N - 27E - 20,E2 E2W2,480,PERM COMMON SCHOOLS (INDMTY SELEC)
AZ,State Land Department,Subsurface,538 Stat. 557-579 (1910),123122,Apache,N,,17N,31E,6,17N - 31E - 6,LOTS 1 THRU 7 S2NE SENW E2SW SE,639.06,PERM COMMON SCHOOLS (INDMTY SELEC)
AZ,State Land Department,Subsurface,539 Stat. 557-579 (1910),123830,Apache,N,,21N,29E,4,21N - 29E - 4,L1,40.77,COUNTY BOND
AZ,State Land Department,Subsurface,540 Stat. 557-579 (1910),123831,Apache,N,,19N,25E,10,19N - 25E - 10,N2 SE,480,COUNTY BOND
AZ,State Land Department,Subsurface,541 Stat. 557-579 (1910),127487,Coconino,N,,20N,12.5E,2,20N - 12.5E - 2,L1 TO 4 S2N2 S2,710.84,PERM COMMON SCHOOLS
AZ,State Land Department,Subsurface,542 Stat. 557-579 (1910),127763,Coconino,N,,19N,15E,16,19N - 15E - 16,ALL,640,PERM COMMON SCHOOLS
AZ,State Land Department,Subsurface,543 Stat. 557-579 (1910),127765,Coconino,N,,19N,14E,2,19N - 14E - 2,LOTS 1 THRU 4 S2N2 S2 EX DOT 95-85966 IN LOT 4 NWNESWNW NENENWSWNW,635.71,PERM COMMON SCHOOLS
AZ,State Land Department,Subsurface,544 Stat. 557-579 (1910),127783,Coconino,N,,27N,6E,16,27N - 6E - 16,ALL,640,PERM COMMON SCHOOLS
AZ,State Land Department,Subsurface,545 Stat. 557-579 (1910),127795,Coconino,N,,26N,6E,2,26N - 6E - 2,ALL,640,PERM COMMON SCHOOLS
AZ,State Land Department,Subsurface,546 Stat. 557-579 (1910),127805,Coconino,N,,26N,8E,16,26N - 8E - 16,ALL,640,PERM COMMON SCHOOLS
AZ,State Land Department,Subsurface,547 Stat. 557-579 (1910),127815,Coconino,N,,26N,10E,16,26N - 10E - 16,LOT 1 SENE E2SE,152.73,PERM COMMON SCHOOLS
AZ,State Land Department,Subsurface,548 Stat. 557-579 (1910),127817,Coconino,N,,20N,14E,2,20N - 14E - 2,L1 TO 4 S2N2 S2,624.64,PERM COMMON SCHOOLS
AZ,State Land Department,Subsurface,549 Stat. 557-579 (1910),127831,Coconino,N,,23N,11E,32,23N - 11E - 32,LOTS 1 THRU 4 W2,441,PERM COMMON SCHOOLS
AZ,State Land Department,Subsurface,550 Stat. 557-579 (1910),127841,Coconino,N,,22N,11E,32,22N - 11E - 32,L1 TO 4 W2,440.12,PERM COMMON SCHOOLS
AZ,State Land Department,Subsurface,551 Stat. 557-579 (1910),127847,Coconino,N,,21N,11E,32,21N - 11E - 32,L1 TO 4 W2,439.72,PERM COMMON SCHOOLS
AZ,State Land Department,Subsurface,552 Stat. 557-579 (1910),128472,Coconino,N,,20N,13E,12,20N - 13E - 12,L1 TO 7 SWNE S2NW W2SE SW,630.97,PERM COMMON SCHOOLS (INDMTY SELEC)
AZ,State Land Department,Subsurface,553 Stat. 557-579 (1910),128473,Coconino,N,,20N,13E,8,20N - 13E - 8,LOTS 1 THRU 4 S2N2 S2,638.96,PERM COMMON SCHOOLS (INDMTY SELEC)
AZ,State Land Department,Subsurface,554 Stat. 557-579 (1910),128476,Coconino,N,,20N,13E,10,20N - 13E - 10,LOTS 1 THRU 4 S2N2 S2,635.16,PERM COMMON SCHOOLS (INDMTY SELEC)
AZ,State Land Department,Subsurface,555 Stat. 557-579 (1910),128503,Coconino,N,,27N,6E,28,27N - 6E - 28,ALL,640,PERM COMMON SCHOOLS (INDMTY SELEC)
AZ,State Land Department,Subsurface,556 Stat. 557-579 (1910),128535,Coconino,N,,20N,15E,6,20N - 15E - 6,L1 TO 7 S2NE SENW E2SW SE,542.67,PERM COMMON SCHOOLS (INDMTY SELEC)
AZ,State Land Department,Subsurface,557 Stat. 557-579 (1910),128539,Coconino,N,,20N,14E,4,20N - 14E - 4,LOTS 1 THRU 4 S2N2 S2,626.46,PERM COMMON SCHOOLS (INDMTY SELEC)
AZ,State Land Department,Subsurface,558 Stat. 557-579 (1910),128542,Coconino,N,,20N,15E,4,20N - 15E - 4,L1 TO 4 S2N2 S2,628.7,PERM COMMON SCHOOLS (INDMTY SELEC)
AZ,State Land Department,Subsurface,559 Stat. 557-579 (1910),128543,Coconino,N,,20N,14E,6,20N - 14E - 6,LOTS 1 THRU 7 S2NE SENW E2SW SE,610.44,PERM COMMON SCHOOLS (INDMTY SELEC)
AZ,State Land Department,Subsurface,560 Stat. 557-579 (1910),128551,Coconino,N,,26N,7E,10,26N - 7E - 10,W2,320,PERM COMMON SCHOOLS (INDMTY SELEC)
AZ,State Land Department,Subsurface,561 Stat. 557-579 (1910),128552,Coconino,N,,26N,8E,18,26N - 8E - 18,L1 TO 4 E2W2 E2,630,PERM COMMON SCHOOLS (INDMTY SELEC)
AZ,State Land Department,Subsurface,562 Stat. 557-579 (1910),128553,Coconino,N,,26N,8E,4,26N - 8E - 4,L1 TO 4 S2N2 S2,641.36,PERM COMMON SCHOOLS (INDMTY SELEC)
AZ,State Land Department,Subsurface,563 Stat. 557-579 (1910),128555,Coconino,N,,26N,7E,4,26N - 7E - 4,ALL,640,PERM COMMON SCHOOLS (INDMTY SELEC)
AZ,State Land Department,Subsurface,564 Stat. 557-579 (1910),128562,Coconino,N,,26N,7E,6,26N - 7E - 6,LOTS 1 THRU 4 E2 E2W2,602.32,PERM COMMON SCHOOLS (INDMTY SELEC)
AZ,State Land Department,Subsurface,565 Stat. 557-579 (1910),128563,Coconino,N,,26N,7E,14,26N - 7E - 14,ALL,640,PERM COMMON SCHOOLS (INDMTY SELEC)
AZ,State Land Department,Subsurface,566 Stat. 557-579 (1910),128569,Coconino,N,,27N,9E,6,27N - 9E - 6,LOTS 3 THRU 11 SENW E2SW N2SE SESE,501.56,PERM COMMON SCHOOLS (INDMTY SELEC)
AZ,State Land Department,Subsurface,567 Stat. 557-579 (1910),128570,Coconino,N,,27N,9E,2,27N - 9E - 2,L1 TO 4 S2N2 S2,638.16,PERM COMMON SCHOOLS (INDMTY SELEC)
AZ,State Land Department,Subsurface,568 Stat. 557-579 (1910),128572,Coconino,N,,27N,10E,6,27N - 10E - 6,LOTS 1 THRU 4 S2N2 S2,641.2,PERM COMMON SCHOOLS (INDMTY SELEC)
AZ,State Land Department,Subsurface,569 Stat. 557-579 (1910),128576,Coconino,N,,26N,9E,14,26N - 9E - 14,SW,160,PERM COMMON SCHOOLS (INDMTY SELEC)
AZ,State Land Department,Subsurface,570 Stat. 557-579 (1910),128578,Coconino,N,,26N,9E,24,26N - 9E - 24,NW,160,PERM COMMON SCHOOLS (INDMTY SELEC)
AZ,State Land Department,Subsurface,571 Stat. 557-579 (1910),128597,Coconino,N,,26N,9E,26,26N - 9E - 26,ALL,640,PERM COMMON SCHOOLS (INDMTY SELEC)
AZ,State Land Department,Subsurface,572 Stat. 557-579 (1910),128685,Coconino,N,,22N,11E,8,22N - 11E - 8,L1 TO 4 W2,440.6,PERM COMMON SCHOOLS (INDMTY SELEC)
AZ,State Land Department,Subsurface,573 Stat. 557-579 (1910),128689,Coconino,N,,22N,11E,20,22N - 11E - 20,L 1 TO 4 W2,440.28,PERM COMMON SCHOOLS (INDMTY SELEC)
AZ,State Land Department,Subsurface,574 Stat. 557-579 (1910),128691,Coconino,N,,27N,8E,2,27N - 8E - 2,SE,160,PERM COMMON SCHOOLS (INDMTY SELEC)
AZ,State Land Department,Subsurface,575 Stat. 557-579 (1910),128692,Coconino,N,,27N,8E,28,27N - 8E - 28,ALL,640,PERM COMMON SCHOOLS (INDMTY SELEC)
AZ,State Land Department,Subsurface,576 Stat. 557-579 (1910),128697,Coconino,N,,21N,11E,20,21N - 11E - 20,L1 TO 4 W2,439.76,PERM COMMON SCHOOLS (INDMTY SELEC)
AZ,State Land Department,Subsurface,577 Stat. 557-579 (1910),128698,Coconino,N,,21N,11E,8,21N - 11E - 8,L1 TO 4 W2,440,PERM COMMON SCHOOLS (INDMTY SELEC)
AZ,State Land Department,Subsurface,578 Stat. 557-579 (1910),134363,Navajo,N,,20N,21E,2,20N - 21E - 2,L1-4 S2N2 S2,641.9,PERM COMMON SCHOOLS
AZ,State Land Department,Subsurface,579 Stat. 557-579 (1910),134366,Navajo,N,,20N,22E,2,20N - 22E - 2,LOTS 1 2 S2NE S2,483.8,PERM COMMON SCHOOLS
AZ,State Land Department,Subsurface,580 Stat. 557-579 (1910),134425,Navajo,N,,20N,19E,2,20N - 19E - 2,LOTS 1 THRU 4 S2N2 S2,641.26,PERM COMMON SCHOOLS
AZ,State Land Department,Subsurface,581 Stat. 557-579 (1910),134426,Navajo,N,,20N,20E,2,20N - 20E - 2,LOTS 1 THRU 4 S2N2 S2,643.04,PERM COMMON SCHOOLS
AZ,State Land Department,Subsurface,582 Stat. 557-579 (1910),134428,Navajo,N,,20N,16E,2,20N - 16E - 2,L1 TO 4 S2N2 S2,637.96,PERM COMMON SCHOOLS
AZ,State Land Department,Subsurface,583 Stat. 557-579 (1910),134429,Navajo,N,,20N,17E,2,20N - 17E - 2,L1 TO 4 S2N2 S2,638.58,PERM COMMON SCHOOLS
AZ,State Land Department,Subsurface,584 Stat. 557-579 (1910),134621,Navajo,N,,20N,15E,2,20N - 15E - 2,LOTS 1 THRU 4 S2N2 S2,632.88,PERM COMMON SCHOOLS
AZ,State Land Department,Subsurface,585 Stat. 557-579 (1910),134629,Navajo,N,,20N,23E,4,20N - 23E - 4,LOTS 1 THRU 4 S2N2 S2,648.7,PERM COMMON SCHOOLS (INDMTY SELEC)
AZ,State Land Department,Subsurface,586 Stat. 557-579 (1910),134638,Navajo,N,,20N,22E,4,20N - 22E - 4,L1 TO 4 S2N2 S2,645.12,PERM COMMON SCHOOLS (INDMTY SELEC)
AZ,State Land Department,Subsurface,587 Stat. 557-579 (1910),134639,Navajo,N,,20N,21E,6,20N - 21E - 6,L1-7 SENW S2NE E2SW SE,673.81,PERM COMMON SCHOOLS (INDMTY SELEC)
AZ,State Land Department,Subsurface,588 Stat. 557-579 (1910),134644,Navajo,N,,20N,21E,4,20N - 21E - 4,L1-4 S2N2 S2,642.86,PERM COMMON SCHOOLS (INDMTY SELEC)
AZ,State Land Department,Subsurface,589 Stat. 557-579 (1910),134691,Navajo,N,,20N,23E,6,20N - 23E - 6,LOTS 1 THRU 7 S2NE SENW E2SW SE,623.28,PERM COMMON SCHOOLS (INDMTY SELEC)
AZ,State Land Department,Subsurface,590 Stat. 557-579 (1910),134692,Navajo,N,,20N,22E,6,20N - 22E - 6,LOTS 1 THRU 7 S2NE SENW E2SW SE,664.47,PERM COMMON SCHOOLS (INDMTY SELEC)
AZ,State Land Department,Subsurface,591 Stat. 557-579 (1910),134693,Navajo,N,,20N,18E,6,20N - 18E - 6,LOTS 1 THRU 7 S2NE SENW E2SW SE,664.19,PERM COMMON SCHOOLS (INDMTY SELEC)
AZ,State Land Department,Subsurface,592 Stat. 557-579 (1910),134694,Navajo,N,,20N,17E,4,20N - 17E - 4,L1 TO 4 S2N2 S2,639.38,PERM COMMON SCHOOLS (INDMTY SELEC)
AZ,State Land Department,Subsurface,593 Stat. 557-579 (1910),134695,Navajo,N,,20N,17E,6,20N - 17E - 6,LOTS 1 THRU 7 S2NE SENW E2SW SE,722.07,PERM COMMON SCHOOLS (INDMTY SELEC)