state,managing_agency,rights_type,state_enabling_act,OBJECTID,MINERAL_TR,,state_reported_notes,,
WA,Department of Natural Resources,Subsurface,"25 Stat. 676-684, esp. 679-81 (1889)",3307,3,Common School and Indemnity,,0,Trust Status Not Applicable Or Unknown
WA,Department of Natural Resources,Subsurface,"26 Stat. 676-684, esp. 679-81 (1889)",1640,3,Common School and Indemnity,,3,Common School and Indemnity
WA,Department of Natural Resources,Subsurface,"27 Stat. 676-684, esp. 679-81 (1889)",10829,3,Common School and Indemnity,,4,Agricultural School
WA,Department of Natural Resources,Subsurface,"28 Stat. 676-684, esp. 679-81 (1889)",15039,3,Common School and Indemnity,,5,University - Transferred
WA,Department of Natural Resources,Subsurface,"29 Stat. 676-684, esp. 679-81 (1889)",16328,3,Common School and Indemnity,,6,Charitable/Educational/Penal & Reformatory Instit.
WA,Department of Natural Resources,Subsurface,"30 Stat. 676-684, esp. 679-81 (1889)",16332,3,Common School and Indemnity,,7,Capitol Grant
WA,Department of Natural Resources,Subsurface,"31 Stat. 676-684, esp. 679-81 (1889)",16634,3,Common School and Indemnity,,8,Normal School
WA,Department of Natural Resources,Subsurface,"32 Stat. 676-684, esp. 679-81 (1889)",16673,3,Common School and Indemnity,,9,Escheat
WA,Department of Natural Resources,Subsurface,"33 Stat. 676-684, esp. 679-81 (1889)",17303,3,Common School and Indemnity,,10,Scientific School
WA,Department of Natural Resources,Subsurface,"34 Stat. 676-684, esp. 679-81 (1889)",5632,6,Charitable/Educational/Penal & Reformatory Instit.,,11,University - Original
WA,Department of Natural Resources,Subsurface,"35 Stat. 676-684, esp. 679-81 (1889)",7996,6,Charitable/Educational/Penal & Reformatory Instit.,,12,Community College Forest Reserve
WA,Department of Natural Resources,Subsurface,"36 Stat. 676-684, esp. 679-81 (1889)",17735,6,Charitable/Educational/Penal & Reformatory Instit.,,13,Administrative Site
WA,Department of Natural Resources,Subsurface,"37 Stat. 676-684, esp. 679-81 (1889)",18599,3,Common School and Indemnity,,15,Beds Of Navigable Waters (Abutting Tidelands)
WA,Department of Natural Resources,Subsurface,"38 Stat. 676-684, esp. 679-81 (1889)",9176,3,Common School and Indemnity,,17,Beds Of Navigable Waters (Abutting Shorelands)
WA,Department of Natural Resources,Subsurface,"39 Stat. 676-684, esp. 679-81 (1889)",4375,3,Common School and Indemnity,,20,Tidelands - 1st Class (Outside 4th Class Towns)
WA,Department of Natural Resources,Subsurface,"40 Stat. 676-684, esp. 679-81 (1889)",1062,3,Common School and Indemnity,,21,Tidelands - 2nd Class
WA,Department of Natural Resources,Subsurface,"41 Stat. 676-684, esp. 679-81 (1889)",8144,3,Common School and Indemnity,,23,Shorelands - 1st Class
WA,Department of Natural Resources,Subsurface,"42 Stat. 676-684, esp. 679-81 (1889)",17845,1,State Forest Transfer,,24,Shorelands - 2nd Class
WA,Department of Natural Resources,Subsurface,"43 Stat. 676-684, esp. 679-81 (1889)",3466,3,Common School and Indemnity,,25,Harbor Areas (Outside 4th Class Towns)
WA,Department of Natural Resources,Subsurface,"44 Stat. 676-684, esp. 679-81 (1889)",1042,3,Common School and Indemnity,,28,Harbor Areas (Inside 4th Class Towns)
WA,Department of Natural Resources,Subsurface,"45 Stat. 676-684, esp. 679-81 (1889)",9082,3,Common School and Indemnity,,29,1st Class Tidelands (Inside 4th Class Towns)
WA,Department of Natural Resources,Subsurface,"46 Stat. 676-684, esp. 679-81 (1889)",4329,3,Common School and Indemnity,,30,Washington Dept. of Corrections
WA,Department of Natural Resources,Subsurface,"47 Stat. 676-684, esp. 679-81 (1889)",6021,3,Common School and Indemnity,,31,Washington Dept. of Social & Health Services
WA,Department of Natural Resources,Subsurface,"48 Stat. 676-684, esp. 679-81 (1889)",10938,3,Common School and Indemnity,,32,Washington Dept. of Fisheries
WA,Department of Natural Resources,Subsurface,"49 Stat. 676-684, esp. 679-81 (1889)",11957,3,Common School and Indemnity,,33,Washington Dept. of Wildlife
WA,Department of Natural Resources,Subsurface,"50 Stat. 676-684, esp. 679-81 (1889)",5565,3,Common School and Indemnity,,34,Washington State Parks & Recreation Commission
WA,Department of Natural Resources,Subsurface,"51 Stat. 676-684, esp. 679-81 (1889)",2507,3,Common School and Indemnity,,35,Washington Dept. of Transportation
WA,Department of Natural Resources,Subsurface,"52 Stat. 676-684, esp. 679-81 (1889)",4545,3,Common School and Indemnity,,36,Washington Dept. of Transportation - Aeronautics
WA,Department of Natural Resources,Subsurface,"53 Stat. 676-684, esp. 679-81 (1889)",9797,3,Common School and Indemnity,,38,Washington Dept. of Agriculture
WA,Department of Natural Resources,Subsurface,"54 Stat. 676-684, esp. 679-81 (1889)",10549,3,Common School and Indemnity,,40,Washington Dept. of Veterans Affairs
WA,Department of Natural Resources,Subsurface,"55 Stat. 676-684, esp. 679-81 (1889)",13261,3,Common School and Indemnity,,41,University Repayment
WA,Department of Natural Resources,Subsurface,"56 Stat. 676-684, esp. 679-81 (1889)",14981,5,University - Transferred,,42,Forest Board Repayment
WA,Department of Natural Resources,Subsurface,"57 Stat. 676-684, esp. 679-81 (1889)",14982,7,Capitol Grant,,43,Land Bank
WA,Department of Natural Resources,Subsurface,"58 Stat. 676-684, esp. 679-81 (1889)",14985,6,Charitable/Educational/Penal & Reformatory Instit.,,46,C.E.P.& R.I. Transferred
WA,Department of Natural Resources,Subsurface,"59 Stat. 676-684, esp. 679-81 (1889)",14784,13,Administrative Site,50% MINERAL INTEREST,47,Milwaukee Road Corridor
WA,Department of Natural Resources,Subsurface,"60 Stat. 676-684, esp. 679-81 (1889)",7267,3,Common School and Indemnity,,70,Under Contract To State Parks & Recreation
WA,Department of Natural Resources,Subsurface,"61 Stat. 676-684, esp. 679-81 (1889)",7834,3,Common School and Indemnity,,71,Under Contract To Private Party
WA,Department of Natural Resources,Subsurface,"62 Stat. 676-684, esp. 679-81 (1889)",12707,3,Common School and Indemnity,,72,Under Contract To Federal Agency
WA,Department of Natural Resources,Subsurface,"63 Stat. 676-684, esp. 679-81 (1889)",2409,3,Common School and Indemnity,,73,Under Contract To Other Agency
WA,Department of Natural Resources,Subsurface,"64 Stat. 676-684, esp. 679-81 (1889)",2442,10,Scientific School,,74,Natural Area Preserve
WA,Department of Natural Resources,Subsurface,"65 Stat. 676-684, esp. 679-81 (1889)",2504,6,Charitable/Educational/Penal & Reformatory Instit.,,75,Natural Resources Conservation Area
WA,Department of Natural Resources,Subsurface,"66 Stat. 676-684, esp. 679-81 (1889)",2774,8,Normal School,,77,Water Pollution Control Division Trust Land
WA,Department of Natural Resources,Subsurface,"67 Stat. 676-684, esp. 679-81 (1889)",2777,6,Charitable/Educational/Penal & Reformatory Instit.,,87,Parkland Reserve Trust
WA,Department of Natural Resources,Subsurface,"68 Stat. 676-684, esp. 679-81 (1889)",2993,8,Normal School,,1,State Forest Transfer
WA,Department of Natural Resources,Subsurface,"69 Stat. 676-684, esp. 679-81 (1889)",3035,3,Common School and Indemnity,,2,State Forest Purchase
WA,Department of Natural Resources,Subsurface,"70 Stat. 676-684, esp. 679-81 (1889)",3113,13,Administrative Site,,48,Community Forest Trust
WA,Department of Natural Resources,Subsurface,"71 Stat. 676-684, esp. 679-81 (1889)",3144,3,Common School and Indemnity,,,
WA,Department of Natural Resources,Subsurface,"72 Stat. 676-684, esp. 679-81 (1889)",3175,5,University - Transferred,,,
WA,Department of Natural Resources,Subsurface,"73 Stat. 676-684, esp. 679-81 (1889)",3191,1,State Forest Transfer,,,
WA,Department of Natural Resources,Subsurface,"74 Stat. 676-684, esp. 679-81 (1889)",3217,13,Administrative Site,,,
WA,Department of Natural Resources,Subsurface,"75 Stat. 676-684, esp. 679-81 (1889)",3291,3,Common School and Indemnity,,,
WA,Department of Natural Resources,Subsurface,"76 Stat. 676-684, esp. 679-81 (1889)",3305,10,Scientific School,,,
WA,Department of Natural Resources,Subsurface,"77 Stat. 676-684, esp. 679-81 (1889)",3391,3,Common School and Indemnity,,,
WA,Department of Natural Resources,Subsurface,"78 Stat. 676-684, esp. 679-81 (1889)",3479,3,Common School and Indemnity,,,
WA,Department of Natural Resources,Subsurface,"79 Stat. 676-684, esp. 679-81 (1889)",3522,3,Common School and Indemnity,,,
WA,Department of Natural Resources,Subsurface,"80 Stat. 676-684, esp. 679-81 (1889)",3752,6,Charitable/Educational/Penal & Reformatory Instit.,,,
WA,Department of Natural Resources,Subsurface,"81 Stat. 676-684, esp. 679-81 (1889)",4214,6,Charitable/Educational/Penal & Reformatory Instit.,,,
WA,Department of Natural Resources,Subsurface,"82 Stat. 676-684, esp. 679-81 (1889)",4257,8,Normal School,,,
WA,Department of Natural Resources,Subsurface,"83 Stat. 676-684, esp. 679-81 (1889)",4370,3,Common School and Indemnity,,,
WA,Department of Natural Resources,Subsurface,"84 Stat. 676-684, esp. 679-81 (1889)",4383,13,Administrative Site,,,
WA,Department of Natural Resources,Subsurface,"85 Stat. 676-684, esp. 679-81 (1889)",4474,6,Charitable/Educational/Penal & Reformatory Instit.,,,
WA,Department of Natural Resources,Subsurface,"86 Stat. 676-684, esp. 679-81 (1889)",4544,5,University - Transferred,,,
WA,Department of Natural Resources,Subsurface,"87 Stat. 676-684, esp. 679-81 (1889)",4878,3,Common School and Indemnity,,,
WA,Department of Natural Resources,Subsurface,"88 Stat. 676-684, esp. 679-81 (1889)",4916,3,Common School and Indemnity,,,
WA,Department of Natural Resources,Subsurface,"89 Stat. 676-684, esp. 679-81 (1889)",5305,3,Common School and Indemnity,,,
WA,Department of Natural Resources,Subsurface,"90 Stat. 676-684, esp. 679-81 (1889)",5368,3,Common School and Indemnity,,,
WA,Department of Natural Resources,Subsurface,"91 Stat. 676-684, esp. 679-81 (1889)",5400,3,Common School and Indemnity,,,
WA,Department of Natural Resources,Subsurface,"92 Stat. 676-684, esp. 679-81 (1889)",5560,3,Common School and Indemnity,,,
WA,Department of Natural Resources,Subsurface,"93 Stat. 676-684, esp. 679-81 (1889)",5564,6,Charitable/Educational/Penal & Reformatory Instit.,,,
WA,Department of Natural Resources,Subsurface,"94 Stat. 676-684, esp. 679-81 (1889)",5722,3,Common School and Indemnity,,,
WA,Department of Natural Resources,Subsurface,"95 Stat. 676-684, esp. 679-81 (1889)",5723,3,Common School and Indemnity,,,
WA,Department of Natural Resources,Subsurface,"96 Stat. 676-684, esp. 679-81 (1889)",5763,3,Common School and Indemnity,,,
WA,Department of Natural Resources,Subsurface,"97 Stat. 676-684, esp. 679-81 (1889)",5767,3,Common School and Indemnity,,,
WA,Department of Natural Resources,Subsurface,"98 Stat. 676-684, esp. 679-81 (1889)",5768,3,Common School and Indemnity,,,
WA,Department of Natural Resources,Subsurface,"99 Stat. 676-684, esp. 679-81 (1889)",5769,10,Scientific School,,,
WA,Department of Natural Resources,Subsurface,"100 Stat. 676-684, esp. 679-81 (1889)",5770,3,Common School and Indemnity,,,
WA,Department of Natural Resources,Subsurface,"101 Stat. 676-684, esp. 679-81 (1889)",5771,3,Common School and Indemnity,,,
WA,Department of Natural Resources,Subsurface,"102 Stat. 676-684, esp. 679-81 (1889)",5772,3,Common School and Indemnity,,,
WA,Department of Natural Resources,Subsurface,"103 Stat. 676-684, esp. 679-81 (1889)",5773,3,Common School and Indemnity,,,
WA,Department of Natural Resources,Subsurface,"104 Stat. 676-684, esp. 679-81 (1889)",5774,3,Common School and Indemnity,,,
WA,Department of Natural Resources,Subsurface,"105 Stat. 676-684, esp. 679-81 (1889)",5999,10,Scientific School,,,
WA,Department of Natural Resources,Subsurface,"106 Stat. 676-684, esp. 679-81 (1889)",6069,6,Charitable/Educational/Penal & Reformatory Instit.,,,
WA,Department of Natural Resources,Subsurface,"107 Stat. 676-684, esp. 679-81 (1889)",6308,3,Common School and Indemnity,,,
WA,Department of Natural Resources,Subsurface,"108 Stat. 676-684, esp. 679-81 (1889)",6333,3,Common School and Indemnity,,,
WA,Department of Natural Resources,Subsurface,"109 Stat. 676-684, esp. 679-81 (1889)",6349,3,Common School and Indemnity,,,
WA,Department of Natural Resources,Subsurface,"110 Stat. 676-684, esp. 679-81 (1889)",6480,8,Normal School,,,
WA,Department of Natural Resources,Subsurface,"111 Stat. 676-684, esp. 679-81 (1889)",6482,3,Common School and Indemnity,,,
WA,Department of Natural Resources,Subsurface,"112 Stat. 676-684, esp. 679-81 (1889)",6569,3,Common School and Indemnity,,,
WA,Department of Natural Resources,Subsurface,"113 Stat. 676-684, esp. 679-81 (1889)",6703,10,Scientific School,,,
WA,Department of Natural Resources,Subsurface,"114 Stat. 676-684, esp. 679-81 (1889)",6788,10,Scientific School,,,
WA,Department of Natural Resources,Subsurface,"115 Stat. 676-684, esp. 679-81 (1889)",6858,10,Scientific School,,,
WA,Department of Natural Resources,Subsurface,"116 Stat. 676-684, esp. 679-81 (1889)",6861,10,Scientific School,,,
WA,Department of Natural Resources,Subsurface,"117 Stat. 676-684, esp. 679-81 (1889)",41,9,Escheat,,,
WA,Department of Natural Resources,Subsurface,"118 Stat. 676-684, esp. 679-81 (1889)",221,9,Escheat,,,
WA,Department of Natural Resources,Subsurface,"119 Stat. 676-684, esp. 679-81 (1889)",251,6,Charitable/Educational/Penal & Reformatory Instit.,,,
WA,Department of Natural Resources,Subsurface,"120 Stat. 676-684, esp. 679-81 (1889)",252,6,Charitable/Educational/Penal & Reformatory Instit.,,,
WA,Department of Natural Resources,Subsurface,"121 Stat. 676-684, esp. 679-81 (1889)",313,3,Common School and Indemnity,,,
WA,Department of Natural Resources,Subsurface,"122 Stat. 676-684, esp. 679-81 (1889)",316,3,Common School and Indemnity,,,
WA,Department of Natural Resources,Subsurface,"123 Stat. 676-684, esp. 679-81 (1889)",317,3,Common School and Indemnity,,,
WA,Department of Natural Resources,Subsurface,"124 Stat. 676-684, esp. 679-81 (1889)",318,3,Common School and Indemnity,,,
WA,Department of Natural Resources,Subsurface,"125 Stat. 676-684, esp. 679-81 (1889)",369,3,Common School and Indemnity,,,
WA,Department of Natural Resources,Subsurface,"126 Stat. 676-684, esp. 679-81 (1889)",375,1,State Forest Transfer,,,
WA,Department of Natural Resources,Subsurface,"127 Stat. 676-684, esp. 679-81 (1889)",379,10,Scientific School,,,
WA,Department of Natural Resources,Subsurface,"128 Stat. 676-684, esp. 679-81 (1889)",472,3,Common School and Indemnity,,,
WA,Department of Natural Resources,Subsurface,"129 Stat. 676-684, esp. 679-81 (1889)",587,3,Common School and Indemnity,,,
WA,Department of Natural Resources,Subsurface,"130 Stat. 676-684, esp. 679-81 (1889)",614,3,Common School and Indemnity,,,
WA,Department of Natural Resources,Subsurface,"131 Stat. 676-684, esp. 679-81 (1889)",666,3,Common School and Indemnity,,,
WA,Department of Natural Resources,Subsurface,"132 Stat. 676-684, esp. 679-81 (1889)",884,10,Scientific School,,,
WA,Department of Natural Resources,Subsurface,"133 Stat. 676-684, esp. 679-81 (1889)",987,3,Common School and Indemnity,,,
WA,Department of Natural Resources,Subsurface,"134 Stat. 676-684, esp. 679-81 (1889)",1112,6,Charitable/Educational/Penal & Reformatory Instit.,,,
WA,Department of Natural Resources,Subsurface,"135 Stat. 676-684, esp. 679-81 (1889)",1171,3,Common School and Indemnity,,,
WA,Department of Natural Resources,Subsurface,"136 Stat. 676-684, esp. 679-81 (1889)",1204,3,Common School and Indemnity,,,
WA,Department of Natural Resources,Subsurface,"137 Stat. 676-684, esp. 679-81 (1889)",1241,3,Common School and Indemnity,,,
WA,Department of Natural Resources,Subsurface,"138 Stat. 676-684, esp. 679-81 (1889)",1434,1,State Forest Transfer,,,
WA,Department of Natural Resources,Subsurface,"139 Stat. 676-684, esp. 679-81 (1889)",1562,5,University - Transferred,,,
WA,Department of Natural Resources,Subsurface,"140 Stat. 676-684, esp. 679-81 (1889)",1578,75,Natural Resources Conservation Area,,,
WA,Department of Natural Resources,Subsurface,"141 Stat. 676-684, esp. 679-81 (1889)",1646,6,Charitable/Educational/Penal & Reformatory Instit.,,,
WA,Department of Natural Resources,Subsurface,"142 Stat. 676-684, esp. 679-81 (1889)",1693,3,Common School and Indemnity,,,
WA,Department of Natural Resources,Subsurface,"143 Stat. 676-684, esp. 679-81 (1889)",1843,3,Common School and Indemnity,Oil & gas reserved,,
WA,Department of Natural Resources,Subsurface,"144 Stat. 676-684, esp. 679-81 (1889)",1844,3,Common School and Indemnity,Oil & gas deferred,,
WA,Department of Natural Resources,Subsurface,"145 Stat. 676-684, esp. 679-81 (1889)",1845,3,Common School and Indemnity,Oil & gas reserved,,
WA,Department of Natural Resources,Subsurface,"146 Stat. 676-684, esp. 679-81 (1889)",1874,3,Common School and Indemnity,,,
WA,Department of Natural Resources,Subsurface,"147 Stat. 676-684, esp. 679-81 (1889)",2152,3,Common School and Indemnity,,,
WA,Department of Natural Resources,Subsurface,"148 Stat. 676-684, esp. 679-81 (1889)",18112,3,Common School and Indemnity,,,
WA,Department of Natural Resources,Subsurface,"149 Stat. 676-684, esp. 679-81 (1889)",18268,3,Common School and Indemnity,,,
WA,Department of Natural Resources,Subsurface,"150 Stat. 676-684, esp. 679-81 (1889)",18443,3,Common School and Indemnity,,,
WA,Department of Natural Resources,Subsurface,"151 Stat. 676-684, esp. 679-81 (1889)",18481,3,Common School and Indemnity,,,
WA,Department of Natural Resources,Subsurface,"152 Stat. 676-684, esp. 679-81 (1889)",18512,3,Common School and Indemnity,,,
WA,Department of Natural Resources,Subsurface,"153 Stat. 676-684, esp. 679-81 (1889)",18523,3,Common School and Indemnity,,,
WA,Department of Natural Resources,Subsurface,"154 Stat. 676-684, esp. 679-81 (1889)",18572,3,Common School and Indemnity,,,
WA,Department of Natural Resources,Subsurface,"155 Stat. 676-684, esp. 679-81 (1889)",7061,8,Normal School,,,
WA,Department of Natural Resources,Subsurface,"156 Stat. 676-684, esp. 679-81 (1889)",7062,1,State Forest Transfer,,,
WA,Department of Natural Resources,Subsurface,"157 Stat. 676-684, esp. 679-81 (1889)",7198,3,Common School and Indemnity,,,
WA,Department of Natural Resources,Subsurface,"158 Stat. 676-684, esp. 679-81 (1889)",7298,10,Scientific School,,,
WA,Department of Natural Resources,Subsurface,"159 Stat. 676-684, esp. 679-81 (1889)",7330,3,Common School and Indemnity,,,
WA,Department of Natural Resources,Subsurface,"160 Stat. 676-684, esp. 679-81 (1889)",7505,3,Common School and Indemnity,,,
WA,Department of Natural Resources,Subsurface,"161 Stat. 676-684, esp. 679-81 (1889)",7514,3,Common School and Indemnity,,,
WA,Department of Natural Resources,Subsurface,"162 Stat. 676-684, esp. 679-81 (1889)",7726,10,Scientific School,,,
WA,Department of Natural Resources,Subsurface,"163 Stat. 676-684, esp. 679-81 (1889)",7779,3,Common School and Indemnity,,,
WA,Department of Natural Resources,Subsurface,"164 Stat. 676-684, esp. 679-81 (1889)",7822,8,Normal School,,,
WA,Department of Natural Resources,Subsurface,"165 Stat. 676-684, esp. 679-81 (1889)",8009,3,Common School and Indemnity,,,
WA,Department of Natural Resources,Subsurface,"166 Stat. 676-684, esp. 679-81 (1889)",8073,9,Escheat,,,
WA,Department of Natural Resources,Subsurface,"167 Stat. 676-684, esp. 679-81 (1889)",8085,9,Escheat,an undivided 1/12th interest,,
WA,Department of Natural Resources,Subsurface,"168 Stat. 676-684, esp. 679-81 (1889)",8439,8,Normal School,,,
WA,Department of Natural Resources,Subsurface,"169 Stat. 676-684, esp. 679-81 (1889)",8501,3,Common School and Indemnity,,,
WA,Department of Natural Resources,Subsurface,"170 Stat. 676-684, esp. 679-81 (1889)",8763,3,Common School and Indemnity,,,
WA,Department of Natural Resources,Subsurface,"171 Stat. 676-684, esp. 679-81 (1889)",9321,3,Common School and Indemnity,,,
WA,Department of Natural Resources,Subsurface,"172 Stat. 676-684, esp. 679-81 (1889)",9475,3,Common School and Indemnity,,,
WA,Department of Natural Resources,Subsurface,"173 Stat. 676-684, esp. 679-81 (1889)",9542,3,Common School and Indemnity,,,
WA,Department of Natural Resources,Subsurface,"174 Stat. 676-684, esp. 679-81 (1889)",9613,10,Scientific School,,,
WA,Department of Natural Resources,Subsurface,"175 Stat. 676-684, esp. 679-81 (1889)",9793,10,Scientific School,,,
WA,Department of Natural Resources,Subsurface,"176 Stat. 676-684, esp. 679-81 (1889)",9824,3,Common School and Indemnity,,,
WA,Department of Natural Resources,Subsurface,"177 Stat. 676-684, esp. 679-81 (1889)",10008,10,Scientific School,,,
WA,Department of Natural Resources,Subsurface,"178 Stat. 676-684, esp. 679-81 (1889)",10151,3,Common School and Indemnity,,,
WA,Department of Natural Resources,Subsurface,"179 Stat. 676-684, esp. 679-81 (1889)",10342,3,Common School and Indemnity,,,
WA,Department of Natural Resources,Subsurface,"180 Stat. 676-684, esp. 679-81 (1889)",10343,3,Common School and Indemnity,Oil & gas reserved,,
WA,Department of Natural Resources,Subsurface,"181 Stat. 676-684, esp. 679-81 (1889)",10405,9,Escheat,,,
WA,Department of Natural Resources,Subsurface,"182 Stat. 676-684, esp. 679-81 (1889)",10411,75,Natural Resources Conservation Area,,,
WA,Department of Natural Resources,Subsurface,"183 Stat. 676-684, esp. 679-81 (1889)",10561,3,Common School and Indemnity,Oil & gas reserved,,
WA,Department of Natural Resources,Subsurface,"184 Stat. 676-684, esp. 679-81 (1889)",10562,3,Common School and Indemnity,Oil & gas reserved,,
WA,Department of Natural Resources,Subsurface,"185 Stat. 676-684, esp. 679-81 (1889)",10563,3,Common School and Indemnity,Oil & gas reserved,,
WA,Department of Natural Resources,Subsurface,"186 Stat. 676-684, esp. 679-81 (1889)",11094,1,State Forest Transfer,,,
WA,Department of Natural Resources,Subsurface,"187 Stat. 676-684, esp. 679-81 (1889)",11301,5,University - Transferred,,,
WA,Department of Natural Resources,Subsurface,"188 Stat. 676-684, esp. 679-81 (1889)",11302,5,University - Transferred,,,
WA,Department of Natural Resources,Subsurface,"189 Stat. 676-684, esp. 679-81 (1889)",11304,8,Normal School,,,
WA,Department of Natural Resources,Subsurface,"190 Stat. 676-684, esp. 679-81 (1889)",11306,6,Charitable/Educational/Penal & Reformatory Instit.,,,
WA,Department of Natural Resources,Subsurface,"191 Stat. 676-684, esp. 679-81 (1889)",11315,6,Charitable/Educational/Penal & Reformatory Instit.,,,
WA,Department of Natural Resources,Subsurface,"192 Stat. 676-684, esp. 679-81 (1889)",11385,3,Common School and Indemnity,,,
WA,Department of Natural Resources,Subsurface,"193 Stat. 676-684, esp. 679-81 (1889)",11386,8,Normal School,,,
WA,Department of Natural Resources,Subsurface,"194 Stat. 676-684, esp. 679-81 (1889)",11624,3,Common School and Indemnity,,,
WA,Department of Natural Resources,Subsurface,"195 Stat. 676-684, esp. 679-81 (1889)",11697,10,Scientific School,,,
WA,Department of Natural Resources,Subsurface,"196 Stat. 676-684, esp. 679-81 (1889)",11808,3,Common School and Indemnity,,,
WA,Department of Natural Resources,Subsurface,"197 Stat. 676-684, esp. 679-81 (1889)",11904,6,Charitable/Educational/Penal & Reformatory Instit.,,,
WA,Department of Natural Resources,Subsurface,"198 Stat. 676-684, esp. 679-81 (1889)",11907,6,Charitable/Educational/Penal & Reformatory Instit.,,,
WA,Department of Natural Resources,Subsurface,"199 Stat. 676-684, esp. 679-81 (1889)",11965,1,State Forest Transfer,,,
WA,Department of Natural Resources,Subsurface,"200 Stat. 676-684, esp. 679-81 (1889)",11995,6,Charitable/Educational/Penal & Reformatory Instit.,,,
WA,Department of Natural Resources,Subsurface,"201 Stat. 676-684, esp. 679-81 (1889)",12256,3,Common School and Indemnity,,,
WA,Department of Natural Resources,Subsurface,"202 Stat. 676-684, esp. 679-81 (1889)",12258,1,State Forest Transfer,,,
WA,Department of Natural Resources,Subsurface,"203 Stat. 676-684, esp. 679-81 (1889)",12490,3,Common School and Indemnity,,,
WA,Department of Natural Resources,Subsurface,"204 Stat. 676-684, esp. 679-81 (1889)",12497,3,Common School and Indemnity,,,
WA,Department of Natural Resources,Subsurface,"205 Stat. 676-684, esp. 679-81 (1889)",12498,3,Common School and Indemnity,,,
WA,Department of Natural Resources,Subsurface,"206 Stat. 676-684, esp. 679-81 (1889)",12572,3,Common School and Indemnity,,,
WA,Department of Natural Resources,Subsurface,"207 Stat. 676-684, esp. 679-81 (1889)",12575,1,State Forest Transfer,,,
WA,Department of Natural Resources,Subsurface,"208 Stat. 676-684, esp. 679-81 (1889)",12577,3,Common School and Indemnity,,,
WA,Department of Natural Resources,Subsurface,"209 Stat. 676-684, esp. 679-81 (1889)",12773,3,Common School and Indemnity,,,
WA,Department of Natural Resources,Subsurface,"210 Stat. 676-684, esp. 679-81 (1889)",12778,3,Common School and Indemnity,,,
WA,Department of Natural Resources,Subsurface,"211 Stat. 676-684, esp. 679-81 (1889)",12877,10,Scientific School,,,
WA,Department of Natural Resources,Subsurface,"212 Stat. 676-684, esp. 679-81 (1889)",12878,3,Common School and Indemnity,,,
WA,Department of Natural Resources,Subsurface,"213 Stat. 676-684, esp. 679-81 (1889)",12879,8,Normal School,,,
WA,Department of Natural Resources,Subsurface,"214 Stat. 676-684, esp. 679-81 (1889)",12880,10,Scientific School,,,
WA,Department of Natural Resources,Subsurface,"215 Stat. 676-684, esp. 679-81 (1889)",12881,10,Scientific School,,,
WA,Department of Natural Resources,Subsurface,"216 Stat. 676-684, esp. 679-81 (1889)",12882,8,Normal School,,,
WA,Department of Natural Resources,Subsurface,"217 Stat. 676-684, esp. 679-81 (1889)",12883,10,Scientific School,,,
WA,Department of Natural Resources,Subsurface,"218 Stat. 676-684, esp. 679-81 (1889)",13206,1,State Forest Transfer,,,
WA,Department of Natural Resources,Subsurface,"219 Stat. 676-684, esp. 679-81 (1889)",14636,1,State Forest Transfer,,,
WA,Department of Natural Resources,Subsurface,"220 Stat. 676-684, esp. 679-81 (1889)",14637,3,Common School and Indemnity,,,
WA,Department of Natural Resources,Subsurface,"221 Stat. 676-684, esp. 679-81 (1889)",14638,3,Common School and Indemnity,,,
WA,Department of Natural Resources,Subsurface,"222 Stat. 676-684, esp. 679-81 (1889)",14688,1,State Forest Transfer,,,
WA,Department of Natural Resources,Subsurface,"223 Stat. 676-684, esp. 679-81 (1889)",15103,9,Escheat,,,
WA,Department of Natural Resources,Subsurface,"224 Stat. 676-684, esp. 679-81 (1889)",15268,3,Common School and Indemnity,,,
WA,Department of Natural Resources,Subsurface,"225 Stat. 676-684, esp. 679-81 (1889)",15273,3,Common School and Indemnity,,,
WA,Department of Natural Resources,Subsurface,"226 Stat. 676-684, esp. 679-81 (1889)",15761,3,Common School and Indemnity,,,
WA,Department of Natural Resources,Subsurface,"227 Stat. 676-684, esp. 679-81 (1889)",15763,3,Common School and Indemnity,,,
WA,Department of Natural Resources,Subsurface,"228 Stat. 676-684, esp. 679-81 (1889)",15775,3,Common School and Indemnity,,,
WA,Department of Natural Resources,Subsurface,"229 Stat. 676-684, esp. 679-81 (1889)",16569,8,Normal School,,,
WA,Department of Natural Resources,Subsurface,"230 Stat. 676-684, esp. 679-81 (1889)",16570,8,Normal School,,,
WA,Department of Natural Resources,Subsurface,"231 Stat. 676-684, esp. 679-81 (1889)",16575,8,Normal School,,,
WA,Department of Natural Resources,Subsurface,"232 Stat. 676-684, esp. 679-81 (1889)",16577,3,Common School and Indemnity,,,
WA,Department of Natural Resources,Subsurface,"233 Stat. 676-684, esp. 679-81 (1889)",16578,8,Normal School,,,
WA,Department of Natural Resources,Subsurface,"234 Stat. 676-684, esp. 679-81 (1889)",16787,3,Common School and Indemnity,,,
WA,Department of Natural Resources,Subsurface,"235 Stat. 676-684, esp. 679-81 (1889)",16840,3,Common School and Indemnity,,,
WA,Department of Natural Resources,Subsurface,"236 Stat. 676-684, esp. 679-81 (1889)",16879,3,Common School and Indemnity,,,
WA,Department of Natural Resources,Subsurface,"237 Stat. 676-684, esp. 679-81 (1889)",16880,3,Common School and Indemnity,,,
WA,Department of Natural Resources,Subsurface,"238 Stat. 676-684, esp. 679-81 (1889)",16882,3,Common School and Indemnity,,,
WA,Department of Natural Resources,Subsurface,"239 Stat. 676-684, esp. 679-81 (1889)",17309,8,Normal School,,,
WA,Department of Natural Resources,Subsurface,"240 Stat. 676-684, esp. 679-81 (1889)",17627,8,Normal School,,,
WA,Department of Natural Resources,Subsurface,"241 Stat. 676-684, esp. 679-81 (1889)",17995,1,State Forest Transfer,,,
WA,Department of Natural Resources,Subsurface,"242 Stat. 676-684, esp. 679-81 (1889)",5143,9,Escheat,,,
WA,Department of Natural Resources,Subsurface,"243 Stat. 676-684, esp. 679-81 (1889)",1763,3,Common School and Indemnity,,,
WA,Department of Natural Resources,Subsurface,"244 Stat. 676-684, esp. 679-81 (1889)",8352,3,Common School and Indemnity,,,
WA,Department of Natural Resources,Subsurface,"245 Stat. 676-684, esp. 679-81 (1889)",9786,3,Common School and Indemnity,,,
WA,Department of Natural Resources,Subsurface,"246 Stat. 676-684, esp. 679-81 (1889)",5578,3,Common School and Indemnity,,,
WA,Department of Natural Resources,Subsurface,"247 Stat. 676-684, esp. 679-81 (1889)",18437,3,Common School and Indemnity,,,
WA,Department of Natural Resources,Subsurface,"248 Stat. 676-684, esp. 679-81 (1889)",13927,3,Common School and Indemnity,,,
WA,Department of Natural Resources,Subsurface,"249 Stat. 676-684, esp. 679-81 (1889)",15338,3,Common School and Indemnity,,,
WA,Department of Natural Resources,Subsurface,"250 Stat. 676-684, esp. 679-81 (1889)",15799,3,Common School and Indemnity,,,
WA,Department of Natural Resources,Subsurface,"251 Stat. 676-684, esp. 679-81 (1889)",16088,0,Trust Status Not Applicable Or Unknown,EDIT CORRECTION MERGE PCL 116673,,
WA,Department of Natural Resources,Subsurface,"252 Stat. 676-684, esp. 679-81 (1889)",18017,3,Common School and Indemnity,,,