state,managing_agency,rights_type,state_enabling_act,TRACT_ID,acres,county,township,range,section,aliquot,trust_name
ND,Commissioner of University and School Lands,Surface,"25 Stat. 676-684, esp. 679-81 (1889)",2708880,85.6,MCKENZIE,152,95,36,"LOTS 3,4",COMMON SCHOOLS
ND,Commissioner of University and School Lands,Surface,"26 Stat. 676-684, esp. 679-81 (1889)",3100090,40,MOUNTRAIL,150,92,19,SE4NE4,COMMON SCHOOLS
ND,Commissioner of University and School Lands,Surface,"27 Stat. 676-684, esp. 679-81 (1889)",3100100,40,MOUNTRAIL,150,92,20,SW4SE4,COMMON SCHOOLS
ND,Commissioner of University and School Lands,Surface,"28 Stat. 676-684, esp. 679-81 (1889)",3100130,160,MOUNTRAIL,150,92,27,SE4,ND INDUSTRIAL SCHOOL
ND,Commissioner of University and School Lands,Surface,"29 Stat. 676-684, esp. 679-81 (1889)",3100120,80,MOUNTRAIL,150,92,26,W2SW4,ND INDUSTRIAL SCHOOL
ND,Commissioner of University and School Lands,Surface,"30 Stat. 676-684, esp. 679-81 (1889)",3101880,160,MOUNTRAIL,152,88,16,NE4,COMMON SCHOOLS
ND,Commissioner of University and School Lands,Surface,"31 Stat. 676-684, esp. 679-81 (1889)",2811350,160,MCLEAN,149,89,16,NW4,COMMON SCHOOLS
ND,Commissioner of University and School Lands,Surface,"32 Stat. 676-684, esp. 679-81 (1889)",2811340,160,MCLEAN,149,89,16,NE4,COMMON SCHOOLS
ND,Commissioner of University and School Lands,Surface,"33 Stat. 676-684, esp. 679-81 (1889)",2808250,160,MCLEAN,148,90,18,NE4,COMMON SCHOOLS
ND,Commissioner of University and School Lands,Surface,"34 Stat. 676-684, esp. 679-81 (1889)",2808240,80,MCLEAN,148,90,16,E2NE4,COMMON SCHOOLS
ND,Commissioner of University and School Lands,Surface,"35 Stat. 676-684, esp. 679-81 (1889)",1307811,80,DUNN,146,92,16,S2SE4,COMMON SCHOOLS
ND,Commissioner of University and School Lands,Surface,"36 Stat. 676-684, esp. 679-81 (1889)",2706971,88.84,MCKENZIE,151,95,36,"LOTS 1,2",COMMON SCHOOLS
ND,Commissioner of University and School Lands,Surface,"37 Stat. 676-684, esp. 679-81 (1889)",2814950,160,MCLEAN,150,89,36,SE4,COMMON SCHOOLS
ND,Commissioner of University and School Lands,Surface,"38 Stat. 676-684, esp. 679-81 (1889)",2811310,159.36,MCLEAN,149,89,9,SE4,ELLENDALE
ND,Commissioner of University and School Lands,Surface,"39 Stat. 676-684, esp. 679-81 (1889)",3101520,139.43,MOUNTRAIL,151,92,36,"W2NE4SW4, NW4SW4, S2SW4",COMMON SCHOOLS
ND,Commissioner of University and School Lands,Surface,"40 Stat. 676-684, esp. 679-81 (1889)",2706972,89.24,MCKENZIE,151,95,36,"LOTS 3,4",COMMON SCHOOLS
ND,Commissioner of University and School Lands,Surface,"41 Stat. 676-684, esp. 679-81 (1889)",3100050,77.46,MOUNTRAIL,150,92,10,S2SW4,COMMON SCHOOLS
ND,Commissioner of University and School Lands,Surface,"42 Stat. 676-684, esp. 679-81 (1889)",2814330,160,MCLEAN,150,88,16,NW4,COMMON SCHOOLS
ND,Commissioner of University and School Lands,Surface,"43 Stat. 676-684, esp. 679-81 (1889)",2814740,160,MCLEAN,150,89,17,NE4,COMMON SCHOOLS
ND,Commissioner of University and School Lands,Surface,"44 Stat. 676-684, esp. 679-81 (1889)",2814750,160,MCLEAN,150,89,17,NW4,COMMON SCHOOLS
ND,Commissioner of University and School Lands,Surface,"45 Stat. 676-684, esp. 679-81 (1889)",3100080,80,MOUNTRAIL,150,92,15,W2SW4,COMMON SCHOOLS
ND,Commissioner of University and School Lands,Surface,"46 Stat. 676-684, esp. 679-81 (1889)",2814350,160,MCLEAN,150,88,16,SW4,COMMON SCHOOLS
ND,Commissioner of University and School Lands,Surface,"47 Stat. 676-684, esp. 679-81 (1889)",3101900,140.71,MOUNTRAIL,152,88,16,SE4,COMMON SCHOOLS
ND,Commissioner of University and School Lands,Surface,"48 Stat. 676-684, esp. 679-81 (1889)",3102760,160,MOUNTRAIL,152,92,14,SE4,COMMON SCHOOLS
ND,Commissioner of University and School Lands,Surface,"49 Stat. 676-684, esp. 679-81 (1889)",3102822,46.98,MOUNTRAIL,152,92,23,NE4NW4,COMMON SCHOOLS
ND,Commissioner of University and School Lands,Surface,"50 Stat. 676-684, esp. 679-81 (1889)",3102821,50,MOUNTRAIL,152,92,23,"W2W2NE4NE4, NW4NE4",COMMON SCHOOLS
ND,Commissioner of University and School Lands,Surface,"51 Stat. 676-684, esp. 679-81 (1889)",2808260,48.01,MCLEAN,148,90,19,"NE4NW4, LOT 1",COMMON SCHOOLS
ND,Commissioner of University and School Lands,Surface,"52 Stat. 676-684, esp. 679-81 (1889)",2808270,36.21,MCLEAN,148,90,19,NW4SE4,COMMON SCHOOLS
ND,Commissioner of University and School Lands,Surface,"53 Stat. 676-684, esp. 679-81 (1889)",2708870,84.96,MCKENZIE,152,95,36,"LOTS 1,2",COMMON SCHOOLS
ND,Commissioner of University and School Lands,Surface,"54 Stat. 676-684, esp. 679-81 (1889)",2808150,78.36,MCLEAN,148,88,36,N2NE4,ND INDUSTRIAL SCHOOL
ND,Commissioner of University and School Lands,Surface,"55 Stat. 676-684, esp. 679-81 (1889)",4304110,80,SIOUX,132,82,20,E2SE4,COMMON SCHOOLS
ND,Commissioner of University and School Lands,Surface,"56 Stat. 676-684, esp. 679-81 (1889)",4304140,120,SIOUX,132,82,28,"E2NW4, NW4NW4",COMMON SCHOOLS
ND,Commissioner of University and School Lands,Surface,"57 Stat. 676-684, esp. 679-81 (1889)",4304130,80,SIOUX,132,82,28,W2NE4,COMMON SCHOOLS
ND,Commissioner of University and School Lands,Surface,"58 Stat. 676-684, esp. 679-81 (1889)",4301490,160,SIOUX,129,86,28,NE4,COMMON SCHOOLS
ND,Commissioner of University and School Lands,Surface,"59 Stat. 676-684, esp. 679-81 (1889)",4301450,160,SIOUX,129,86,25,NE4,COMMON SCHOOLS
ND,Commissioner of University and School Lands,Surface,"60 Stat. 676-684, esp. 679-81 (1889)",4301500,160,SIOUX,129,86,28,NW4,COMMON SCHOOLS
ND,Commissioner of University and School Lands,Surface,"61 Stat. 676-684, esp. 679-81 (1889)",4301860,160,SIOUX,129,89,26,SW4,COMMON SCHOOLS
ND,Commissioner of University and School Lands,Surface,"62 Stat. 676-684, esp. 679-81 (1889)",4301850,160,SIOUX,129,89,26,SE4,COMMON SCHOOLS
ND,Commissioner of University and School Lands,Surface,"63 Stat. 676-684, esp. 679-81 (1889)",4301470,160,SIOUX,129,86,25,SE4,COMMON SCHOOLS
ND,Commissioner of University and School Lands,Surface,"64 Stat. 676-684, esp. 679-81 (1889)",4300730,160,SIOUX,129,83,28,SE4,COMMON SCHOOLS
ND,Commissioner of University and School Lands,Surface,"65 Stat. 676-684, esp. 679-81 (1889)",4303511,86,SIOUX,131,82,16,NE4 E OF HWY,COMMON SCHOOLS
ND,Commissioner of University and School Lands,Surface,"66 Stat. 676-684, esp. 679-81 (1889)",4303512,65.04,SIOUX,131,82,16,NE4 W OF HWY,COMMON SCHOOLS
ND,Commissioner of University and School Lands,Surface,"67 Stat. 676-684, esp. 679-81 (1889)",4303740,160,SIOUX,131,83,33,NW4,COMMON SCHOOLS
ND,Commissioner of University and School Lands,Surface,"68 Stat. 676-684, esp. 679-81 (1889)",4303841,80,SIOUX,131,84,36,W2NE4,COMMON SCHOOLS
ND,Commissioner of University and School Lands,Surface,"69 Stat. 676-684, esp. 679-81 (1889)",4303730,160,SIOUX,131,83,33,NE4,COMMON SCHOOLS
ND,Commissioner of University and School Lands,Surface,"70 Stat. 676-684, esp. 679-81 (1889)",4303850,160,SIOUX,131,84,36,NW4,COMMON SCHOOLS
ND,Commissioner of University and School Lands,Surface,"71 Stat. 676-684, esp. 679-81 (1889)",4303400,151,SIOUX,131,81,31,NW4,COMMON SCHOOLS
ND,Commissioner of University and School Lands,Surface,"72 Stat. 676-684, esp. 679-81 (1889)",4301410,160,SIOUX,129,86,21,NE4,COMMON SCHOOLS
ND,Commissioner of University and School Lands,Surface,"73 Stat. 676-684, esp. 679-81 (1889)",4301420,160,SIOUX,129,86,21,NW4,COMMON SCHOOLS
ND,Commissioner of University and School Lands,Surface,"74 Stat. 676-684, esp. 679-81 (1889)",4300200,160,SIOUX,129,80,20,NW4,COMMON SCHOOLS
ND,Commissioner of University and School Lands,Surface,"75 Stat. 676-684, esp. 679-81 (1889)",4301430,160,SIOUX,129,86,21,SE4,COMMON SCHOOLS
ND,Commissioner of University and School Lands,Surface,"76 Stat. 676-684, esp. 679-81 (1889)",4301440,160,SIOUX,129,86,21,SW4,COMMON SCHOOLS
ND,Commissioner of University and School Lands,Surface,"77 Stat. 676-684, esp. 679-81 (1889)",4300550,80,SIOUX,129,82,20,W2SW4,COMMON SCHOOLS
ND,Commissioner of University and School Lands,Surface,"78 Stat. 676-684, esp. 679-81 (1889)",4301810,160,SIOUX,129,89,25,NE4,COMMON SCHOOLS
ND,Commissioner of University and School Lands,Surface,"79 Stat. 676-684, esp. 679-81 (1889)",4301820,160,SIOUX,129,89,25,NW4,COMMON SCHOOLS
ND,Commissioner of University and School Lands,Surface,"80 Stat. 676-684, esp. 679-81 (1889)",4301600,160,SIOUX,129,87,26,NE4,COMMON SCHOOLS
ND,Commissioner of University and School Lands,Surface,"81 Stat. 676-684, esp. 679-81 (1889)",4303212,78.94,SIOUX,130,89,36,"LOTS 9,10",COMMON SCHOOLS
ND,Commissioner of University and School Lands,Surface,"82 Stat. 676-684, esp. 679-81 (1889)",4302200,160,SIOUX,130,81,28,NW4,COMMON SCHOOLS
ND,Commissioner of University and School Lands,Surface,"83 Stat. 676-684, esp. 679-81 (1889)",4302190,160,SIOUX,130,81,28,NE4,COMMON SCHOOLS
ND,Commissioner of University and School Lands,Surface,"84 Stat. 676-684, esp. 679-81 (1889)",4302090,154.2,SIOUX,130,80,30,NW4,COMMON SCHOOLS
ND,Commissioner of University and School Lands,Surface,"85 Stat. 676-684, esp. 679-81 (1889)",4302080,160,SIOUX,130,80,30,NE4,COMMON SCHOOLS
ND,Commissioner of University and School Lands,Surface,"86 Stat. 676-684, esp. 679-81 (1889)",4302950,155,SIOUX,130,84,25,SE4,COMMON SCHOOLS
ND,Commissioner of University and School Lands,Surface,"87 Stat. 676-684, esp. 679-81 (1889)",4302220,160,SIOUX,130,81,28,SW4,COMMON SCHOOLS
ND,Commissioner of University and School Lands,Surface,"88 Stat. 676-684, esp. 679-81 (1889)",4302210,160,SIOUX,130,81,28,SE4,COMMON SCHOOLS
ND,Commissioner of University and School Lands,Surface,"89 Stat. 676-684, esp. 679-81 (1889)",4302100,160,SIOUX,130,80,30,SE4,COMMON SCHOOLS
ND,Commissioner of University and School Lands,Surface,"90 Stat. 676-684, esp. 679-81 (1889)",4302110,154.6,SIOUX,130,80,30,SW4,COMMON SCHOOLS
ND,Commissioner of University and School Lands,Surface,"91 Stat. 676-684, esp. 679-81 (1889)",4302980,160,SIOUX,130,84,34,SW4,COMMON SCHOOLS
ND,Commissioner of University and School Lands,Surface,"92 Stat. 676-684, esp. 679-81 (1889)",4302970,160,SIOUX,130,84,34,SE4,COMMON SCHOOLS
ND,Commissioner of University and School Lands,Surface,"93 Stat. 676-684, esp. 679-81 (1889)",4303010,160,SIOUX,130,84,35,SE4,COMMON SCHOOLS
ND,Commissioner of University and School Lands,Surface,"94 Stat. 676-684, esp. 679-81 (1889)",4303690,160,SIOUX,131,83,28,SE4,COMMON SCHOOLS
ND,Commissioner of University and School Lands,Surface,"95 Stat. 676-684, esp. 679-81 (1889)",4303660,160,SIOUX,131,83,27,SW4,COMMON SCHOOLS
ND,Commissioner of University and School Lands,Surface,"96 Stat. 676-684, esp. 679-81 (1889)",4303531,125.8,SIOUX,131,82,16,SE4 E OF HWY,COMMON SCHOOLS
ND,Commissioner of University and School Lands,Surface,"97 Stat. 676-684, esp. 679-81 (1889)",4303532,24,SIOUX,131,82,16,SE4 W OF HWY,COMMON SCHOOLS
ND,Commissioner of University and School Lands,Surface,"98 Stat. 676-684, esp. 679-81 (1889)",4303060,160,SIOUX,130,84,36,SW4,COMMON SCHOOLS
ND,Commissioner of University and School Lands,Surface,"99 Stat. 676-684, esp. 679-81 (1889)",4302820,157.43,SIOUX,130,83,31,SW4,COMMON SCHOOLS
ND,Commissioner of University and School Lands,Surface,"100 Stat. 676-684, esp. 679-81 (1889)",4302810,160,SIOUX,130,83,31,SE4,COMMON SCHOOLS
ND,Commissioner of University and School Lands,Surface,"101 Stat. 676-684, esp. 679-81 (1889)",4303020,160,SIOUX,130,84,35,SW4,COMMON SCHOOLS
ND,Commissioner of University and School Lands,Surface,"102 Stat. 676-684, esp. 679-81 (1889)",4303050,160,SIOUX,130,84,36,SE4,COMMON SCHOOLS
ND,Commissioner of University and School Lands,Surface,"103 Stat. 676-684, esp. 679-81 (1889)",4302340,156,SIOUX,130,81,36,SW4,COMMON SCHOOLS
ND,Commissioner of University and School Lands,Surface,"104 Stat. 676-684, esp. 679-81 (1889)",4302330,149.4,SIOUX,130,81,36,SE4,COMMON SCHOOLS
ND,Commissioner of University and School Lands,Surface,"105 Stat. 676-684, esp. 679-81 (1889)",4303213,23.49,SIOUX,130,89,36,LOT 11,COMMON SCHOOLS
ND,Commissioner of University and School Lands,Surface,"106 Stat. 676-684, esp. 679-81 (1889)",4303222,50.1,SIOUX,130,89,36,"LOTS 12,13",COMMON SCHOOLS
ND,Commissioner of University and School Lands,Surface,"107 Stat. 676-684, esp. 679-81 (1889)",4303221,45.69,SIOUX,130,89,36,"LOTS 14,15",COMMON SCHOOLS
ND,Commissioner of University and School Lands,Surface,"108 Stat. 676-684, esp. 679-81 (1889)",4303222,50.1,SIOUX,130,89,36,"LOTS 12,13",COMMON SCHOOLS
ND,Commissioner of University and School Lands,Surface,"109 Stat. 676-684, esp. 679-81 (1889)",1900423,27.5,GRANT,130,89,36,LOT 7,COMMON SCHOOLS
ND,Commissioner of University and School Lands,Surface,"110 Stat. 676-684, esp. 679-81 (1889)",4300760,160,SIOUX,129,84,1,"S2NE4, LOTS 1,2",COMMON SCHOOLS
ND,Commissioner of University and School Lands,Surface,"111 Stat. 676-684, esp. 679-81 (1889)",4300800,160,SIOUX,129,84,2,SE4,COMMON SCHOOLS
ND,Commissioner of University and School Lands,Surface,"112 Stat. 676-684, esp. 679-81 (1889)",4300810,160,SIOUX,129,84,2,SW4,COMMON SCHOOLS
ND,Commissioner of University and School Lands,Surface,"113 Stat. 676-684, esp. 679-81 (1889)",1900421,20,GRANT,130,89,36,LOT 2,COMMON SCHOOLS
ND,Commissioner of University and School Lands,Surface,"114 Stat. 676-684, esp. 679-81 (1889)",4301551,30.77,SIOUX,129,87,16,NE4 E OF RD,COMMON SCHOOLS
ND,Commissioner of University and School Lands,Surface,"115 Stat. 676-684, esp. 679-81 (1889)",4301571,58.2,SIOUX,129,87,16,SE4 E OF RD,COMMON SCHOOLS
ND,Commissioner of University and School Lands,Surface,"116 Stat. 676-684, esp. 679-81 (1889)",4303150,19.6,SIOUX,130,86,23,LOT 6,COMMON SCHOOLS
ND,Commissioner of University and School Lands,Surface,"117 Stat. 676-684, esp. 679-81 (1889)",4302450,80,SIOUX,130,82,19,E2NW4,COMMON SCHOOLS
ND,Commissioner of University and School Lands,Surface,"118 Stat. 676-684, esp. 679-81 (1889)",4302460,160,SIOUX,130,82,20,NW4,COMMON SCHOOLS
ND,Commissioner of University and School Lands,Surface,"119 Stat. 676-684, esp. 679-81 (1889)",4302470,80,SIOUX,130,82,21,W2NW4,COMMON SCHOOLS
ND,Commissioner of University and School Lands,Surface,"120 Stat. 676-684, esp. 679-81 (1889)",4302010,153.4,SIOUX,130,80,19,"E2NW4, LOTS 1,2",COMMON SCHOOLS
ND,Commissioner of University and School Lands,Surface,"121 Stat. 676-684, esp. 679-81 (1889)",4302030,153.8,SIOUX,130,80,19,"E2SW4, LOTS 3,4",COMMON SCHOOLS
ND,Commissioner of University and School Lands,Surface,"122 Stat. 676-684, esp. 679-81 (1889)",4302020,160,SIOUX,130,80,19,SE4,COMMON SCHOOLS
ND,Commissioner of University and School Lands,Surface,"123 Stat. 676-684, esp. 679-81 (1889)",4303290,160,SIOUX,130,90,36,SE4,COMMON SCHOOLS
ND,Commissioner of University and School Lands,Surface,"124 Stat. 676-684, esp. 679-81 (1889)",4303300,160,SIOUX,130,90,36,SW4,COMMON SCHOOLS
ND,Commissioner of University and School Lands,Surface,"125 Stat. 676-684, esp. 679-81 (1889)",1900422,80.3,GRANT,130,89,36,"LOTS 4,5,6",COMMON SCHOOLS
ND,Commissioner of University and School Lands,Surface,"126 Stat. 676-684, esp. 679-81 (1889)",4303130,160,SIOUX,130,85,36,SE4,COMMON SCHOOLS
ND,Commissioner of University and School Lands,Surface,"127 Stat. 676-684, esp. 679-81 (1889)",4303140,160,SIOUX,130,85,36,SW4,COMMON SCHOOLS
ND,Commissioner of University and School Lands,Surface,"128 Stat. 676-684, esp. 679-81 (1889)",4303180,160,SIOUX,130,86,36,SE4,COMMON SCHOOLS
ND,Commissioner of University and School Lands,Surface,"129 Stat. 676-684, esp. 679-81 (1889)",4303190,160,SIOUX,130,86,36,SW4,COMMON SCHOOLS
ND,Commissioner of University and School Lands,Surface,"130 Stat. 676-684, esp. 679-81 (1889)",4304380,160,SIOUX,133,81,10,NE4,ND STATE UNIVERSITY
ND,Commissioner of University and School Lands,Surface,"131 Stat. 676-684, esp. 679-81 (1889)",4303810,160,SIOUX,131,84,27,SE4,COMMON SCHOOLS
ND,Commissioner of University and School Lands,Surface,"132 Stat. 676-684, esp. 679-81 (1889)",4303820,160,SIOUX,131,84,27,SW4,COMMON SCHOOLS
ND,Commissioner of University and School Lands,Surface,"133 Stat. 676-684, esp. 679-81 (1889)",4303700,160,SIOUX,131,83,28,SW4,COMMON SCHOOLS
ND,Commissioner of University and School Lands,Surface,"134 Stat. 676-684, esp. 679-81 (1889)",4303270,160,SIOUX,130,90,36,NE4,COMMON SCHOOLS
ND,Commissioner of University and School Lands,Surface,"135 Stat. 676-684, esp. 679-81 (1889)",4303280,160,SIOUX,130,90,36,NW4,COMMON SCHOOLS
ND,Commissioner of University and School Lands,Surface,"136 Stat. 676-684, esp. 679-81 (1889)",1900410,103.7,GRANT,130,89,36,"NE4NE4, LOTS 1,3",COMMON SCHOOLS
ND,Commissioner of University and School Lands,Surface,"137 Stat. 676-684, esp. 679-81 (1889)",4303110,160,SIOUX,130,85,36,NE4,COMMON SCHOOLS
ND,Commissioner of University and School Lands,Surface,"138 Stat. 676-684, esp. 679-81 (1889)",4302960,152.55,SIOUX,130,84,31,"E2NW4, LOTS 1,2",COMMON SCHOOLS
ND,Commissioner of University and School Lands,Surface,"139 Stat. 676-684, esp. 679-81 (1889)",4303120,160,SIOUX,130,85,36,NW4,COMMON SCHOOLS
ND,Commissioner of University and School Lands,Surface,"140 Stat. 676-684, esp. 679-81 (1889)",4303170,160,SIOUX,130,86,36,NW4,COMMON SCHOOLS
ND,Commissioner of University and School Lands,Surface,"141 Stat. 676-684, esp. 679-81 (1889)",4303160,160,SIOUX,130,86,36,NE4,COMMON SCHOOLS
ND,Commissioner of University and School Lands,Surface,"142 Stat. 676-684, esp. 679-81 (1889)",4302990,160,SIOUX,130,84,35,NE4,COMMON SCHOOLS
ND,Commissioner of University and School Lands,Surface,"143 Stat. 676-684, esp. 679-81 (1889)",4303040,160,SIOUX,130,84,36,NW4,COMMON SCHOOLS
ND,Commissioner of University and School Lands,Surface,"144 Stat. 676-684, esp. 679-81 (1889)",4302800,157.61,SIOUX,130,83,31,NW4,COMMON SCHOOLS
ND,Commissioner of University and School Lands,Surface,"145 Stat. 676-684, esp. 679-81 (1889)",4302790,160,SIOUX,130,83,31,NE4,COMMON SCHOOLS
ND,Commissioner of University and School Lands,Surface,"146 Stat. 676-684, esp. 679-81 (1889)",4303000,160,SIOUX,130,84,35,NW4,COMMON SCHOOLS
ND,Commissioner of University and School Lands,Surface,"147 Stat. 676-684, esp. 679-81 (1889)",4303030,160,SIOUX,130,84,36,NE4,COMMON SCHOOLS
ND,Commissioner of University and School Lands,Surface,"148 Stat. 676-684, esp. 679-81 (1889)",4302290,160,SIOUX,130,81,33,NE4,COMMON SCHOOLS
ND,Commissioner of University and School Lands,Surface,"149 Stat. 676-684, esp. 679-81 (1889)",4302320,160,SIOUX,130,81,36,NW4,COMMON SCHOOLS
ND,Commissioner of University and School Lands,Surface,"150 Stat. 676-684, esp. 679-81 (1889)",4302310,160,SIOUX,130,81,36,NE4,COMMON SCHOOLS
ND,Commissioner of University and School Lands,Surface,"151 Stat. 676-684, esp. 679-81 (1889)",4303211,15.57,SIOUX,130,89,36,LOT 8,COMMON SCHOOLS
ND,Commissioner of University and School Lands,Surface,"152 Stat. 676-684, esp. 679-81 (1889)",4301780,160,SIOUX,129,89,16,NW4,COMMON SCHOOLS
ND,Commissioner of University and School Lands,Surface,"153 Stat. 676-684, esp. 679-81 (1889)",4301770,160,SIOUX,129,89,16,NE4,COMMON SCHOOLS
ND,Commissioner of University and School Lands,Surface,"154 Stat. 676-684, esp. 679-81 (1889)",4301230,155.02,SIOUX,129,85,16,NW4,COMMON SCHOOLS
ND,Commissioner of University and School Lands,Surface,"155 Stat. 676-684, esp. 679-81 (1889)",4301560,160,SIOUX,129,87,16,NW4,COMMON SCHOOLS
ND,Commissioner of University and School Lands,Surface,"156 Stat. 676-684, esp. 679-81 (1889)",4301552,129.23,SIOUX,129,87,16,NE4 W OF RD,COMMON SCHOOLS
ND,Commissioner of University and School Lands,Surface,"157 Stat. 676-684, esp. 679-81 (1889)",4301220,160,SIOUX,129,85,16,NE4,COMMON SCHOOLS
ND,Commissioner of University and School Lands,Surface,"158 Stat. 676-684, esp. 679-81 (1889)",4301380,160,SIOUX,129,86,16,NW4,COMMON SCHOOLS
ND,Commissioner of University and School Lands,Surface,"159 Stat. 676-684, esp. 679-81 (1889)",4301190,160,SIOUX,129,85,15,NW4,COMMON SCHOOLS
ND,Commissioner of University and School Lands,Surface,"160 Stat. 676-684, esp. 679-81 (1889)",4301370,160,SIOUX,129,86,16,NE4,COMMON SCHOOLS
ND,Commissioner of University and School Lands,Surface,"161 Stat. 676-684, esp. 679-81 (1889)",4300940,160,SIOUX,129,84,16,NE4,COMMON SCHOOLS
ND,Commissioner of University and School Lands,Surface,"162 Stat. 676-684, esp. 679-81 (1889)",4300670,160,SIOUX,129,83,14,NW4,COMMON SCHOOLS
ND,Commissioner of University and School Lands,Surface,"163 Stat. 676-684, esp. 679-81 (1889)",4300420,160,SIOUX,129,81,14,NW4,COMMON SCHOOLS
ND,Commissioner of University and School Lands,Surface,"164 Stat. 676-684, esp. 679-81 (1889)",4300410,160,SIOUX,129,81,14,NE4,COMMON SCHOOLS
ND,Commissioner of University and School Lands,Surface,"165 Stat. 676-684, esp. 679-81 (1889)",4301140,160,SIOUX,129,85,9,NE4,COMMON SCHOOLS
ND,Commissioner of University and School Lands,Surface,"166 Stat. 676-684, esp. 679-81 (1889)",4301160,160,SIOUX,129,85,10,NW4,COMMON SCHOOLS
ND,Commissioner of University and School Lands,Surface,"167 Stat. 676-684, esp. 679-81 (1889)",4300830,160,SIOUX,129,84,11,NE4,COMMON SCHOOLS
ND,Commissioner of University and School Lands,Surface,"168 Stat. 676-684, esp. 679-81 (1889)",4300840,160,SIOUX,129,84,11,NW4,COMMON SCHOOLS
ND,Commissioner of University and School Lands,Surface,"169 Stat. 676-684, esp. 679-81 (1889)",4300370,160,SIOUX,129,81,11,NE4,COMMON SCHOOLS
ND,Commissioner of University and School Lands,Surface,"170 Stat. 676-684, esp. 679-81 (1889)",4300380,160,SIOUX,129,81,11,NW4,COMMON SCHOOLS
ND,Commissioner of University and School Lands,Surface,"171 Stat. 676-684, esp. 679-81 (1889)",4301170,160,SIOUX,129,85,10,SW4,COMMON SCHOOLS
ND,Commissioner of University and School Lands,Surface,"172 Stat. 676-684, esp. 679-81 (1889)",4301180,160,SIOUX,129,85,12,SW4,COMMON SCHOOLS
ND,Commissioner of University and School Lands,Surface,"173 Stat. 676-684, esp. 679-81 (1889)",4300390,160,SIOUX,129,81,11,SE4,COMMON SCHOOLS
ND,Commissioner of University and School Lands,Surface,"174 Stat. 676-684, esp. 679-81 (1889)",4300400,160,SIOUX,129,81,11,SW4,COMMON SCHOOLS
ND,Commissioner of University and School Lands,Surface,"175 Stat. 676-684, esp. 679-81 (1889)",4301800,160,SIOUX,129,89,16,SW4,COMMON SCHOOLS
ND,Commissioner of University and School Lands,Surface,"176 Stat. 676-684, esp. 679-81 (1889)",4301790,160,SIOUX,129,89,16,SE4,COMMON SCHOOLS
ND,Commissioner of University and School Lands,Surface,"177 Stat. 676-684, esp. 679-81 (1889)",4301580,160,SIOUX,129,87,16,SW4,COMMON SCHOOLS
ND,Commissioner of University and School Lands,Surface,"178 Stat. 676-684, esp. 679-81 (1889)",4301572,101.8,SIOUX,129,87,16,SE4 W OF RD,COMMON SCHOOLS
ND,Commissioner of University and School Lands,Surface,"179 Stat. 676-684, esp. 679-81 (1889)",4301400,153,SIOUX,129,86,16,SW4,COMMON SCHOOLS
ND,Commissioner of University and School Lands,Surface,"180 Stat. 676-684, esp. 679-81 (1889)",4301390,160,SIOUX,129,86,16,SE4,COMMON SCHOOLS
ND,Commissioner of University and School Lands,Surface,"181 Stat. 676-684, esp. 679-81 (1889)",4301240,160,SIOUX,129,85,16,SE4,COMMON SCHOOLS
ND,Commissioner of University and School Lands,Surface,"182 Stat. 676-684, esp. 679-81 (1889)",4301210,160,SIOUX,129,85,15,SW4,COMMON SCHOOLS
ND,Commissioner of University and School Lands,Surface,"183 Stat. 676-684, esp. 679-81 (1889)",4301200,160,SIOUX,129,85,15,SE4,COMMON SCHOOLS
ND,Commissioner of University and School Lands,Surface,"184 Stat. 676-684, esp. 679-81 (1889)",4300690,160,SIOUX,129,83,14,SW4,COMMON SCHOOLS
ND,Commissioner of University and School Lands,Surface,"185 Stat. 676-684, esp. 679-81 (1889)",4300150,160,SIOUX,129,80,18,SE4,COMMON SCHOOLS
ND,Commissioner of University and School Lands,Surface,"186 Stat. 676-684, esp. 679-81 (1889)",4300640,160,SIOUX,129,83,13,SE4,COMMON SCHOOLS
ND,Commissioner of University and School Lands,Surface,"187 Stat. 676-684, esp. 679-81 (1889)",4300160,157.8,SIOUX,129,80,18,"E2SW4, LOTS 3,4",COMMON SCHOOLS
ND,Commissioner of University and School Lands,Surface,"188 Stat. 676-684, esp. 679-81 (1889)",4300140,160,SIOUX,129,80,17,SW4,COMMON SCHOOLS
ND,Commissioner of University and School Lands,Surface,"189 Stat. 676-684, esp. 679-81 (1889)",4300130,160,SIOUX,129,80,17,SE4,COMMON SCHOOLS
ND,Commissioner of University and School Lands,Surface,"190 Stat. 676-684, esp. 679-81 (1889)",4300120,160,SIOUX,129,80,14,SW4,COMMON SCHOOLS
ND,Commissioner of University and School Lands,Surface,"191 Stat. 676-684, esp. 679-81 (1889)",4303500,160,SIOUX,131,82,13,SE4,COMMON SCHOOLS
ND,Commissioner of University and School Lands,Surface,"192 Stat. 676-684, esp. 679-81 (1889)",4303590,160,SIOUX,131,82,24,NE4,COMMON SCHOOLS
ND,Commissioner of University and School Lands,Surface,"193 Stat. 676-684, esp. 679-81 (1889)",4303600,160,SIOUX,131,82,24,SE4,COMMON SCHOOLS
ND,Commissioner of University and School Lands,Surface,"194 Stat. 676-684, esp. 679-81 (1889)",4303790,160,SIOUX,131,84,27,NE4,COMMON SCHOOLS
ND,Commissioner of University and School Lands,Surface,"195 Stat. 676-684, esp. 679-81 (1889)",4303800,160,SIOUX,131,84,27,NW4,COMMON SCHOOLS
ND,Commissioner of University and School Lands,Surface,"196 Stat. 676-684, esp. 679-81 (1889)",4302630,160,SIOUX,130,83,9,SW4,COMMON SCHOOLS
ND,Commissioner of University and School Lands,Surface,"197 Stat. 676-684, esp. 679-81 (1889)",4302640,160,SIOUX,130,83,10,SW4,COMMON SCHOOLS
ND,Commissioner of University and School Lands,Surface,"198 Stat. 676-684, esp. 679-81 (1889)",4302620,160,SIOUX,130,83,9,SE4,COMMON SCHOOLS
ND,Commissioner of University and School Lands,Surface,"199 Stat. 676-684, esp. 679-81 (1889)",4304060,160,SIOUX,132,81,17,NW4,COMMON SCHOOLS
ND,Commissioner of University and School Lands,Surface,"200 Stat. 676-684, esp. 679-81 (1889)",4304070,80,SIOUX,132,81,18,E2NE4,COMMON SCHOOLS
ND,Commissioner of University and School Lands,Surface,"201 Stat. 676-684, esp. 679-81 (1889)",4301620,160.12,SIOUX,129,87,31,"E2SW4, LOTS 3,4",COMMON SCHOOLS
ND,Commissioner of University and School Lands,Surface,"202 Stat. 676-684, esp. 679-81 (1889)",4301610,160,SIOUX,129,87,31,SE4,COMMON SCHOOLS
ND,Commissioner of University and School Lands,Surface,"203 Stat. 676-684, esp. 679-81 (1889)",4301630,160,SIOUX,129,87,32,SW4,COMMON SCHOOLS
ND,Commissioner of University and School Lands,Surface,"204 Stat. 676-684, esp. 679-81 (1889)",4301670,160,SIOUX,129,87,36,SW4,COMMON SCHOOLS
ND,Commissioner of University and School Lands,Surface,"205 Stat. 676-684, esp. 679-81 (1889)",4301660,160,SIOUX,129,87,36,SE4,COMMON SCHOOLS
ND,Commissioner of University and School Lands,Surface,"206 Stat. 676-684, esp. 679-81 (1889)",4301510,120,SIOUX,129,86,36,"NW4SW4, S2SW4",COMMON SCHOOLS
ND,Commissioner of University and School Lands,Surface,"207 Stat. 676-684, esp. 679-81 (1889)",4303842,80,SIOUX,131,84,36,W2SE4,COMMON SCHOOLS
ND,Commissioner of University and School Lands,Surface,"208 Stat. 676-684, esp. 679-81 (1889)",4303860,160,SIOUX,131,84,36,SW4,COMMON SCHOOLS
ND,Commissioner of University and School Lands,Surface,"209 Stat. 676-684, esp. 679-81 (1889)",4303410,151.4,SIOUX,131,81,31,SW4,COMMON SCHOOLS
ND,Commissioner of University and School Lands,Surface,"210 Stat. 676-684, esp. 679-81 (1889)",4302670,160,SIOUX,130,83,16,NW4,COMMON SCHOOLS
ND,Commissioner of University and School Lands,Surface,"211 Stat. 676-684, esp. 679-81 (1889)",4302660,160,SIOUX,130,83,16,NE4,COMMON SCHOOLS
ND,Commissioner of University and School Lands,Surface,"212 Stat. 676-684, esp. 679-81 (1889)",4302650,160,SIOUX,130,83,15,NW4,COMMON SCHOOLS
ND,Commissioner of University and School Lands,Surface,"213 Stat. 676-684, esp. 679-81 (1889)",3000870,5.47,MORTON,134,81,36,LOT 4,COMMON SCHOOLS
ND,Commissioner of University and School Lands,Surface,"214 Stat. 676-684, esp. 679-81 (1889)",4303520,160,SIOUX,131,82,16,NW4,COMMON SCHOOLS
ND,Commissioner of University and School Lands,Surface,"215 Stat. 676-684, esp. 679-81 (1889)",4303490,160,SIOUX,131,82,13,NE4,COMMON SCHOOLS
ND,Commissioner of University and School Lands,Surface,"216 Stat. 676-684, esp. 679-81 (1889)",4300320,160,SIOUX,129,81,2,SE4,COMMON SCHOOLS
ND,Commissioner of University and School Lands,Surface,"217 Stat. 676-684, esp. 679-81 (1889)",4300330,160,SIOUX,129,81,2,SW4,COMMON SCHOOLS
ND,Commissioner of University and School Lands,Surface,"218 Stat. 676-684, esp. 679-81 (1889)",4301650,160,SIOUX,129,87,36,NW4,COMMON SCHOOLS
ND,Commissioner of University and School Lands,Surface,"219 Stat. 676-684, esp. 679-81 (1889)",4301640,160,SIOUX,129,87,36,NE4,COMMON SCHOOLS
ND,Commissioner of University and School Lands,Surface,"220 Stat. 676-684, esp. 679-81 (1889)",4301760,160,SIOUX,129,88,36,NE4,COMMON SCHOOLS
ND,Commissioner of University and School Lands,Surface,"221 Stat. 676-684, esp. 679-81 (1889)",4301280,5,SIOUX,129,85,36,N2NE4NE4NE4,COMMON SCHOOLS
ND,Commissioner of University and School Lands,Surface,"222 Stat. 676-684, esp. 679-81 (1889)",4002770,160,ROLETTE,162,72,36,NE4,COMMON SCHOOLS
ND,Commissioner of University and School Lands,Surface,"223 Stat. 676-684, esp. 679-81 (1889)",4003260,133.6,ROLETTE,163,71,36,"E2SW4, LOTS 1,2",COMMON SCHOOLS
ND,Commissioner of University and School Lands,Surface,"224 Stat. 676-684, esp. 679-81 (1889)",4003251,120,ROLETTE,163,71,36,"N2SE4, SW4SE4, LESS SUBLOT 1",COMMON SCHOOLS